CREATE DATABASE  IF NOT EXISTS `thy_kds` /*!40100 DEFAULT CHARACTER SET utf8mb4 COLLATE utf8mb4_0900_ai_ci */ /*!80016 DEFAULT ENCRYPTION='N' */;
USE `thy_kds`;
-- MySQL dump 10.13  Distrib 8.0.41, for Win64 (x86_64)
--
-- Host: localhost    Database: thy_kds
-- ------------------------------------------------------
-- Server version	8.4.3

/*!40101 SET @OLD_CHARACTER_SET_CLIENT=@@CHARACTER_SET_CLIENT */;
/*!40101 SET @OLD_CHARACTER_SET_RESULTS=@@CHARACTER_SET_RESULTS */;
/*!40101 SET @OLD_COLLATION_CONNECTION=@@COLLATION_CONNECTION */;
/*!50503 SET NAMES utf8 */;
/*!40103 SET @OLD_TIME_ZONE=@@TIME_ZONE */;
/*!40103 SET TIME_ZONE='+00:00' */;
/*!40014 SET @OLD_UNIQUE_CHECKS=@@UNIQUE_CHECKS, UNIQUE_CHECKS=0 */;
/*!40014 SET @OLD_FOREIGN_KEY_CHECKS=@@FOREIGN_KEY_CHECKS, FOREIGN_KEY_CHECKS=0 */;
/*!40101 SET @OLD_SQL_MODE=@@SQL_MODE, SQL_MODE='NO_AUTO_VALUE_ON_ZERO' */;
/*!40111 SET @OLD_SQL_NOTES=@@SQL_NOTES, SQL_NOTES=0 */;

--
-- Table structure for table `aircraft_factors`
--

DROP TABLE IF EXISTS `aircraft_factors`;
/*!40101 SET @saved_cs_client     = @@character_set_client */;
/*!50503 SET character_set_client = utf8mb4 */;
CREATE TABLE `aircraft_factors` (
  `id` int NOT NULL AUTO_INCREMENT,
  `aircraft_model` varchar(100) NOT NULL,
  `fuel_multiplier` decimal(5,2) NOT NULL DEFAULT '1.00',
  `maintenance_multiplier` decimal(5,2) NOT NULL DEFAULT '1.00',
  PRIMARY KEY (`id`)
) ENGINE=InnoDB AUTO_INCREMENT=14 DEFAULT CHARSET=utf8mb4 COLLATE=utf8mb4_0900_ai_ci;
/*!40101 SET character_set_client = @saved_cs_client */;

--
-- Dumping data for table `aircraft_factors`
--

LOCK TABLES `aircraft_factors` WRITE;
/*!40000 ALTER TABLE `aircraft_factors` DISABLE KEYS */;
INSERT INTO `aircraft_factors` VALUES (1,'Boeing 777-300ER',1.55,1.60),(2,'Boeing 787-9 Dreamliner',1.30,1.40),(3,'Airbus A350-900',1.25,1.45),(4,'Airbus A330-300',1.45,1.35),(5,'Airbus A330-200',1.40,1.30),(6,'Airbus A321neo',0.85,1.05),(7,'Airbus A321-200',1.05,1.00),(8,'Airbus A320-200',0.98,0.95),(9,'Airbus A319-100',0.96,0.90),(10,'Boeing 737-800',1.00,1.00),(11,'Boeing 737-900ER',1.05,1.10),(12,'Boeing 737 MAX 8',0.86,0.95),(13,'Boeing 737 MAX 9',0.88,1.00);
/*!40000 ALTER TABLE `aircraft_factors` ENABLE KEYS */;
UNLOCK TABLES;

--
-- Table structure for table `airports`
--

DROP TABLE IF EXISTS `airports`;
/*!40101 SET @saved_cs_client     = @@character_set_client */;
/*!50503 SET character_set_client = utf8mb4 */;
CREATE TABLE `airports` (
  `iata_code` varchar(3) NOT NULL,
  `name` varchar(100) NOT NULL,
  `city` varchar(100) DEFAULT NULL,
  `country` varchar(100) DEFAULT NULL,
  `latitude` decimal(10,8) NOT NULL,
  `longitude` decimal(11,8) NOT NULL,
  PRIMARY KEY (`iata_code`)
) ENGINE=InnoDB DEFAULT CHARSET=utf8mb4 COLLATE=utf8mb4_0900_ai_ci;
/*!40101 SET character_set_client = @saved_cs_client */;

--
-- Dumping data for table `airports`
--

LOCK TABLES `airports` WRITE;
/*!40000 ALTER TABLE `airports` DISABLE KEYS */;
INSERT INTO `airports` VALUES ('ADB','Adnan Menderes Airport','Izmir','Turkey',38.29239000,27.15690000),('AMS','Amsterdam Schiphol Airport','Amsterdam','Netherlands',52.31055600,4.76833300),('BCN','Barcelona-El Prat Airport','Barcelona','Spain',41.29740000,2.08330000),('BER','Berlin Brandenburg Airport','Berlin','Germany',52.36666700,13.50333300),('CAI','Cairo International Airport','Cairo','Egypt',30.12194400,31.40555600),('CDG','Charles de Gaulle Airport','Paris','France',49.00972200,2.54777800),('DXB','Dubai International Airport','Dubai','UAE',25.25317500,55.36567300),('ESB','Esenboga Airport','Ankara','Turkey',40.12805600,32.99500000),('FCO','Leonardo da Vinci-Fiumicino Airport','Rome','Italy',41.80030000,12.23890000),('FRA','Frankfurt Airport','Frankfurt','Germany',50.03790000,8.56220000),('GYD','Heydar Aliyev International Airport','Baku','Azerbaijan',40.46750000,50.04670000),('ICN','Incheon International Airport','Seoul','South Korea',37.46910000,126.45050000),('IST','Istanbul Airport','Istanbul','Turkey',41.27527800,28.75194400),('JFK','John F. Kennedy Intl Airport','New York','USA',40.64131100,-73.77813900),('JNB','O. R. Tambo International Airport','Johannesburg','South Africa',-26.13920000,28.24600000),('LAX','Los Angeles International Airport','Los Angeles','USA',33.94250000,-118.40805600),('LHR','Heathrow Airport','London','United Kingdom',51.47002500,-0.45429500),('NRT','Narita International Airport','Tokyo','Japan',35.77190000,140.39280000),('ORD','O\'Hare International Airport','Chicago','USA',41.97420000,-87.90730000),('SIN','Singapore Changi Airport','Singapore','Singapore',1.36440000,103.99150000),('VKO','Vnukovo International Airport','Moscow','Russia',55.59140000,37.26150000);
/*!40000 ALTER TABLE `airports` ENABLE KEYS */;
UNLOCK TABLES;

--
-- Table structure for table `competitor_prices`
--

DROP TABLE IF EXISTS `competitor_prices`;
/*!40101 SET @saved_cs_client     = @@character_set_client */;
/*!50503 SET character_set_client = utf8mb4 */;
CREATE TABLE `competitor_prices` (
  `competitor_id` int NOT NULL AUTO_INCREMENT,
  `flight_id` int DEFAULT NULL,
  `competitor_name` varchar(100) NOT NULL,
  `price` decimal(10,2) NOT NULL,
  `price_date` datetime NOT NULL,
  PRIMARY KEY (`competitor_id`),
  KEY `flight_id` (`flight_id`),
  CONSTRAINT `competitor_prices_ibfk_1` FOREIGN KEY (`flight_id`) REFERENCES `flights` (`flight_id`)
) ENGINE=InnoDB AUTO_INCREMENT=121 DEFAULT CHARSET=utf8mb4 COLLATE=utf8mb4_0900_ai_ci;
/*!40101 SET character_set_client = @saved_cs_client */;

--
-- Dumping data for table `competitor_prices`
--

LOCK TABLES `competitor_prices` WRITE;
/*!40000 ALTER TABLE `competitor_prices` DISABLE KEYS */;
INSERT INTO `competitor_prices` VALUES (1,1,'British Airways',5238.00,'2025-10-05 11:20:33'),(2,1,'Pegasus',4171.00,'2025-09-28 15:45:12'),(3,1,'Lufthansa',5529.00,'2025-09-15 09:10:05'),(4,1,'KLM',5044.00,'2025-08-30 21:30:45'),(5,1,'EasyJet',3977.00,'2025-08-15 10:00:21'),(6,1,'British Airways',5335.00,'2025-07-25 18:55:10'),(7,2,'Air France',4876.00,'2025-10-02 14:15:22'),(8,2,'Pegasus',3910.00,'2025-09-25 11:30:19'),(9,2,'Lufthansa',4968.00,'2025-09-18 20:05:30'),(10,2,'Air France',5106.00,'2025-09-02 10:25:00'),(11,2,'Vueling',4140.00,'2025-08-22 13:00:55'),(12,2,'KLM',4738.00,'2025-08-01 19:40:02'),(13,3,'Lufthansa',4410.00,'2025-10-08 09:55:17'),(14,3,'Pegasus',3528.00,'2025-09-29 12:12:12'),(15,3,'Eurowings',3738.00,'2025-09-20 18:30:49'),(16,3,'Lufthansa',4578.00,'2025-09-05 08:00:00'),(17,3,'AnadoluJet',3654.00,'2025-08-25 23:10:30'),(18,3,'Pegasus',3402.00,'2025-08-10 14:25:00'),(19,4,'KLM',5177.50,'2025-10-06 17:00:41'),(20,4,'Pegasus',4132.50,'2025-09-27 16:50:32'),(21,4,'Lufthansa',5415.00,'2025-09-19 13:20:11'),(22,4,'KLM',4845.00,'2025-09-03 11:11:11'),(23,4,'Transavia',4037.50,'2025-08-20 09:05:20'),(24,4,'Pegasus',4227.50,'2025-08-03 22:45:00'),(25,5,'Alitalia',4558.00,'2025-10-04 10:10:10'),(26,5,'Pegasus',3612.00,'2025-09-26 14:35:00'),(27,5,'Lufthansa',4730.00,'2025-09-17 19:00:00'),(28,5,'Alitalia',4214.00,'2025-09-01 12:40:00'),(29,5,'Pegasus',3827.00,'2025-08-18 16:15:00'),(30,5,'Turkish Airlines',4386.00,'2025-08-01 23:00:00'),(31,6,'Vueling',4794.00,'2025-10-09 00:05:00'),(32,6,'Pegasus',4386.00,'2025-10-01 11:10:00'),(33,6,'Lufthansa',5508.00,'2025-09-22 13:30:00'),(34,6,'Iberia',5253.00,'2025-09-08 15:50:00'),(35,6,'Vueling',4539.00,'2025-08-24 18:20:00'),(36,6,'Pegasus',4182.00,'2025-08-05 20:00:00'),(37,7,'Pegasus',3354.00,'2025-10-07 19:10:00'),(38,7,'Lufthansa',4290.00,'2025-09-30 18:25:00'),(39,7,'SunExpress',3549.00,'2025-09-21 17:40:00'),(40,7,'AnadoluJet',3744.00,'2025-09-10 16:55:00'),(41,7,'Lufthansa',4446.00,'2025-08-26 15:10:00'),(42,7,'Pegasus',3159.00,'2025-08-11 14:25:00'),(43,8,'Delta Airlines',24300.00,'2025-10-05 20:20:20'),(44,8,'Lufthansa',25650.00,'2025-09-28 21:21:21'),(45,8,'KLM',23400.00,'2025-09-16 10:10:10'),(46,8,'British Airways',26100.00,'2025-09-04 12:12:12'),(47,8,'United Airlines',22725.00,'2025-08-23 14:14:14'),(48,8,'Air France',24975.00,'2025-08-02 16:16:16'),(49,9,'Lufthansa',28080.00,'2025-10-03 23:23:23'),(50,9,'United Airlines',27040.00,'2025-09-26 22:22:22'),(51,9,'KLM',29640.00,'2025-09-14 11:11:11'),(52,9,'British Airways',30160.00,'2025-09-02 13:13:13'),(53,9,'Air France',26520.00,'2025-08-19 15:15:15'),(54,9,'Lufthansa',29120.00,'2025-08-01 17:17:17'),(55,10,'United Airlines',23958.00,'2025-10-08 18:18:18'),(56,10,'Lufthansa',25168.00,'2025-10-01 19:19:19'),(57,10,'KLM',26378.00,'2025-09-20 09:09:09'),(58,10,'British Airways',27104.00,'2025-09-09 08:08:08'),(59,10,'Delta Airlines',23232.00,'2025-08-21 07:07:07'),(60,10,'United Airlines',25652.00,'2025-08-04 06:06:06'),(61,11,'Emirates',30780.00,'2025-10-07 05:05:05'),(62,11,'Qatar Airways',31065.00,'2025-09-30 04:04:04'),(63,11,'Etihad Airways',29640.00,'2025-09-15 03:03:03'),(64,11,'Singapore Airlines',32490.00,'2025-09-01 02:02:02'),(65,11,'Emirates',33060.00,'2025-08-18 01:01:01'),(66,11,'Qatar Airways',29925.00,'2025-08-02 00:00:00'),(67,12,'Qatar Airways',29190.00,'2025-10-06 23:59:00'),(68,12,'Emirates',30024.00,'2025-09-29 22:58:00'),(69,12,'Asiana Airlines',27244.00,'2025-09-17 21:57:00'),(70,12,'Korean Air',31692.00,'2025-09-05 20:56:00'),(71,12,'Etihad Airways',28912.00,'2025-08-20 19:55:00'),(72,12,'Qatar Airways',29746.00,'2025-08-03 18:54:00'),(73,13,'Emirates',10260.00,'2025-10-09 17:53:00'),(74,13,'FlyDubai',8265.00,'2025-10-02 16:52:00'),(75,13,'Qatar Airways',10925.00,'2025-09-19 15:51:00'),(76,13,'Pegasus',8740.00,'2025-09-06 14:50:00'),(77,13,'Emirates',10450.00,'2025-08-22 13:49:00'),(78,13,'Etihad Airways',9880.00,'2025-08-04 12:48:00'),(79,14,'Singapore Airlines',22680.00,'2025-10-05 11:47:00'),(80,14,'Qatar Airways',21630.00,'2025-09-28 10:46:00'),(81,14,'Emirates',23100.00,'2025-09-16 09:45:00'),(82,14,'Singapore Airlines',24150.00,'2025-09-03 08:44:00'),(83,14,'Etihad Airways',20160.00,'2025-08-17 07:43:00'),(84,14,'Qatar Airways',22050.00,'2025-08-01 06:42:00'),(85,15,'EgyptAir',7722.00,'2025-10-08 05:41:00'),(86,15,'Pegasus',6474.00,'2025-10-01 04:40:00'),(87,15,'Nile Air',6942.00,'2025-09-20 03:39:00'),(88,15,'EgyptAir',8346.00,'2025-09-07 02:38:00'),(89,15,'Pegasus',6708.00,'2025-08-23 01:37:00'),(90,15,'AnadoluJet',7254.00,'2025-08-06 00:36:00'),(91,16,'Qatar Airways',19425.00,'2025-10-09 10:35:00'),(92,16,'Emirates',20535.00,'2025-09-27 11:34:00'),(93,16,'Ethiopian Airlines',17020.00,'2025-09-15 12:33:00'),(94,16,'Lufthansa',21275.00,'2025-09-02 13:32:00'),(95,16,'Qatar Airways',19795.00,'2025-08-16 14:31:00'),(96,16,'Emirates',19980.00,'2025-07-30 15:30:00'),(97,17,'Aeroflot',6076.00,'2025-10-04 16:29:00'),(98,17,'Pobeda',5084.00,'2025-09-26 17:28:00'),(99,17,'Pegasus',5518.00,'2025-09-18 18:27:00'),(100,17,'Aeroflot',6634.00,'2025-09-06 19:26:00'),(101,17,'Red Wings Airlines',5642.00,'2025-08-22 20:25:00'),(102,17,'Pegasus',5332.00,'2025-08-05 21:24:00'),(103,18,'Azerbaijan Airlines',5565.00,'2025-10-07 22:23:00'),(104,18,'Buta Airways',4664.00,'2025-09-30 23:22:00'),(105,18,'AnadoluJet',5141.00,'2025-09-19 20:21:00'),(106,18,'Azerbaijan Airlines',5830.00,'2025-09-08 19:20:00'),(107,18,'Pegasus',4879.00,'2025-08-25 18:19:00'),(108,18,'Buta Airways',4505.00,'2025-08-09 17:18:00'),(109,19,'Pegasus',1025.00,'2025-10-09 16:17:00'),(110,19,'AnadoluJet',1175.00,'2025-10-02 15:16:00'),(111,19,'SunExpress',1225.00,'2025-09-23 14:15:00'),(112,19,'Pegasus',950.00,'2025-09-09 13:14:00'),(113,19,'AnadoluJet',1212.50,'2025-08-28 12:13:00'),(114,19,'Pegasus',1012.50,'2025-08-12 11:12:00'),(115,20,'Pegasus',984.00,'2025-10-10 10:11:00'),(116,20,'AnadoluJet',1116.00,'2025-10-03 09:10:00'),(117,20,'SunExpress',1176.00,'2025-09-24 08:09:00'),(118,20,'Pegasus',924.00,'2025-09-11 07:08:00'),(119,20,'AnadoluJet',1164.00,'2025-08-27 06:07:00'),(120,20,'SunExpress',1140.00,'2025-08-13 05:06:00');
/*!40000 ALTER TABLE `competitor_prices` ENABLE KEYS */;
UNLOCK TABLES;

--
-- Table structure for table `customers`
--

DROP TABLE IF EXISTS `customers`;
/*!40101 SET @saved_cs_client     = @@character_set_client */;
/*!50503 SET character_set_client = utf8mb4 */;
CREATE TABLE `customers` (
  `customer_id` int NOT NULL AUTO_INCREMENT,
  `name` varchar(100) NOT NULL,
  `email` varchar(100) NOT NULL,
  `loyalty_score` decimal(5,2) DEFAULT '0.00',
  `membership_type` varchar(20) DEFAULT NULL,
  `travel_purpose` enum('İş','Tatil','Aile Ziyareti','Diğer') DEFAULT 'Diğer',
  `age_group` enum('18-25','26-35','36-50','50+') DEFAULT '26-35',
  PRIMARY KEY (`customer_id`)
) ENGINE=InnoDB AUTO_INCREMENT=31 DEFAULT CHARSET=utf8mb4 COLLATE=utf8mb4_0900_ai_ci;
/*!40101 SET character_set_client = @saved_cs_client */;

--
-- Dumping data for table `customers`
--

LOCK TABLES `customers` WRITE;
/*!40000 ALTER TABLE `customers` DISABLE KEYS */;
INSERT INTO `customers` VALUES (1,'Selin Ercan','selin.ercan@example.com',88.50,'Elite','İş','36-50'),(2,'Ahmet Öztürk','ahmet.ozturk@example.com',45.75,'Classic Plus','Tatil','26-35'),(3,'Elif Aksoy','elif.aksoy@example.com',95.00,'Elite Plus','Aile Ziyareti','50+'),(4,'Mehmet Kaya','mehmet.kaya@example.com',30.25,'Classic','Diğer','18-25'),(5,'Zeynep Çelik','zeynep.celik@example.com',75.00,'Elite','İş','36-50'),(6,'Mustafa Arslan','mustafa.arslan@example.com',60.00,'Classic Plus','İş','26-35'),(7,'Fatma Aydın','fatma.aydin@example.com',70.00,'Elite','Tatil','36-50'),(8,'Ali Demir','ali.demir@example.com',50.00,'Classic Plus','Aile Ziyareti','50+'),(9,'Ayşe Şahin','ayse.sahin@example.com',80.00,'Elite','Diğer','18-25'),(10,'Hüseyin Yılmaz','huseyin.yilmaz@example.com',92.50,'Elite Plus','İş','36-50'),(11,'Emine Doğan','emine.dogan@example.com',40.00,'Classic','Tatil','26-35'),(12,'İsmail Kılıç','ismail.kilic@example.com',25.50,'Classic','Diğer','18-25'),(13,'Yasemin Yıldız','yasemin.yildiz@example.com',85.20,'Elite','İş','26-35'),(14,'Yusuf Polat','yusuf.polat@example.com',98.90,'Elite Plus','İş','50+'),(15,'Hatice Korkmaz','hatice.korkmaz@example.com',55.40,'Classic Plus','Aile Ziyareti','36-50'),(16,'Murat Çetin','murat.cetin@example.com',15.00,'Classic','Tatil','18-25'),(17,'Sultan Tekin','sultan.tekin@example.com',78.60,'Elite','Tatil','50+'),(18,'Fatih Kurt','fatih.kurt@example.com',65.80,'Classic Plus','İş','26-35'),(19,'Gülcan Özdemir','gulcan.ozdemir@example.com',91.30,'Elite Plus','Aile Ziyareti','36-50'),(20,'Adem Acar','adem.acar@example.com',42.10,'Classic','Diğer','26-35'),(21,'Songül Bulut','songul.bulut@example.com',82.75,'Elite','İş','36-50'),(22,'Ramazan Koç','ramazan.koc@example.com',33.33,'Classic','Tatil','18-25'),(23,'Meryem Aslan','meryem.aslan@example.com',96.40,'Elite Plus','Aile Ziyareti','50+'),(24,'Salih Can','salih.can@example.com',58.00,'Classic Plus','İş','26-35'),(25,'Zehra Sönmez','zehra.sonmez@example.com',72.90,'Elite','Tatil','36-50'),(26,'Hakan Erdem','hakan.erdem@example.com',48.25,'Classic Plus','Diğer','26-35'),(27,'Esra Güneş','esra.gunes@example.com',89.10,'Elite','İş','36-50'),(28,'Cemal Işık','cemal.isik@example.com',22.80,'Classic','Tatil','18-25'),(29,'Leyla Keskin','leyla.keskin@example.com',99.50,'Elite Plus','İş','50+'),(30,'Osman Avcı','osman.avci@example.com',68.70,'Classic Plus','Aile Ziyareti','36-50');
/*!40000 ALTER TABLE `customers` ENABLE KEYS */;
UNLOCK TABLES;

--
-- Table structure for table `flight_costs`
--

DROP TABLE IF EXISTS `flight_costs`;
/*!40101 SET @saved_cs_client     = @@character_set_client */;
/*!50503 SET character_set_client = utf8mb4 */;
CREATE TABLE `flight_costs` (
  `cost_id` int NOT NULL AUTO_INCREMENT,
  `flight_id` int DEFAULT NULL,
  `date` datetime NOT NULL DEFAULT CURRENT_TIMESTAMP,
  `fuel_cost` decimal(10,2) DEFAULT NULL,
  `staff_cost` decimal(10,2) DEFAULT NULL,
  `maintenance_cost` decimal(10,2) DEFAULT NULL,
  `other_costs` decimal(10,2) DEFAULT NULL,
  PRIMARY KEY (`cost_id`),
  KEY `flight_id` (`flight_id`),
  CONSTRAINT `flight_costs_ibfk_1` FOREIGN KEY (`flight_id`) REFERENCES `flights` (`flight_id`)
) ENGINE=InnoDB AUTO_INCREMENT=63 DEFAULT CHARSET=utf8mb4 COLLATE=utf8mb4_0900_ai_ci;
/*!40101 SET character_set_client = @saved_cs_client */;

--
-- Dumping data for table `flight_costs`
--

LOCK TABLES `flight_costs` WRITE;
/*!40000 ALTER TABLE `flight_costs` DISABLE KEYS */;
INSERT INTO `flight_costs` VALUES (1,1,'2025-10-03 19:21:14',510500.00,62000.00,41000.00,145000.00),(2,1,'2025-09-26 11:15:14',535000.00,63500.00,42500.00,148000.00),(3,1,'2025-09-19 14:09:14',528000.00,63000.00,42000.00,147000.00),(4,1,'2025-09-12 18:01:14',520000.00,62500.00,41500.00,146000.00),(5,1,'2025-09-05 21:55:14',555000.00,65000.00,44000.00,151000.00),(6,1,'2025-08-29 09:43:14',620000.00,70000.00,48000.00,160000.00),(7,1,'2025-08-22 13:37:14',635000.00,71000.00,49000.00,162000.00),(8,1,'2025-08-15 17:29:14',648000.00,72000.00,50000.00,164000.00),(9,1,'2025-08-08 21:23:14',615000.00,69000.00,47000.00,158000.00),(10,1,'2025-08-01 01:15:14',640000.00,71500.00,49500.00,163000.00),(11,1,'2025-07-25 15:01:14',655000.00,73000.00,51000.00,166000.00),(12,1,'2025-07-18 18:55:14',630000.00,70500.00,48500.00,161000.00),(13,1,'2025-07-11 22:47:14',638000.00,71200.00,49200.00,162500.00),(14,1,'2025-07-04 02:41:14',665000.00,74000.00,52000.00,168000.00),(15,1,'2025-06-27 16:27:14',605000.00,68000.00,46000.00,156000.00),(16,1,'2025-06-20 20:21:14',590000.00,67000.00,45000.00,154000.00),(17,1,'2025-06-13 00:13:14',615000.00,68500.00,46500.00,157000.00),(18,1,'2025-06-06 04:07:14',570000.00,66000.00,44000.00,152000.00),(19,1,'2025-05-30 17:53:14',545000.00,64000.00,43000.00,150000.00),(20,1,'2025-05-23 21:47:14',530000.00,63000.00,42000.00,148000.00),(21,1,'2025-05-16 01:39:14',555000.00,65000.00,44000.00,151000.00),(22,1,'2025-05-09 05:33:14',525000.00,62500.00,41500.00,147000.00),(23,1,'2025-05-02 09:25:14',538000.00,63500.00,42500.00,149000.00),(24,1,'2025-04-25 23:11:14',515000.00,61000.00,40000.00,145000.00),(25,1,'2025-04-18 03:05:14',500000.00,60000.00,39000.00,143000.00),(26,1,'2025-04-11 06:57:14',508000.00,60500.00,39500.00,144000.00),(27,1,'2025-04-04 10:51:14',525000.00,62000.00,41000.00,146000.00),(28,1,'2025-03-28 00:37:14',485000.00,58000.00,37000.00,140000.00),(29,1,'2025-03-21 04:31:14',495000.00,59000.00,38000.00,141000.00),(30,1,'2025-03-14 08:23:14',478000.00,57500.00,36500.00,139000.00),(31,1,'2025-03-07 12:17:14',490000.00,58500.00,37500.00,140500.00),(32,1,'2025-02-28 16:09:14',440000.00,54000.00,34000.00,135000.00),(33,1,'2025-02-21 05:55:14',455000.00,55000.00,35000.00,136000.00),(34,1,'2025-02-14 09:49:14',448000.00,54500.00,34500.00,135500.00),(35,1,'2025-02-07 13:41:14',430000.00,53000.00,33000.00,133000.00),(36,1,'2025-01-31 17:35:14',465000.00,56000.00,36000.00,137000.00),(37,1,'2025-01-24 07:21:14',450000.00,55000.00,35000.00,136000.00),(38,1,'2025-01-17 11:15:14',510000.00,61000.00,40000.00,144000.00),(39,1,'2025-01-10 15:07:14',545000.00,64000.00,43000.00,150000.00),(40,1,'2025-01-03 19:01:14',580000.00,67000.00,46000.00,155000.00),(41,1,'2024-12-27 08:47:14',620000.00,70000.00,48000.00,160000.00),(42,1,'2024-12-20 12:41:14',605000.00,68000.00,47000.00,158000.00),(43,1,'2024-12-13 16:33:14',480000.00,57000.00,36000.00,139000.00),(44,1,'2024-12-06 20:27:14',460000.00,56000.00,35000.00,137000.00),(45,1,'2024-11-29 10:13:14',445000.00,54000.00,34000.00,135000.00),(46,1,'2024-11-22 14:07:14',430000.00,53000.00,33000.00,133000.00),(47,1,'2024-11-15 17:59:14',450000.00,55000.00,35000.00,136000.00),(48,1,'2024-11-08 21:53:14',440000.00,54000.00,34000.00,135000.00),(49,1,'2024-11-01 01:45:14',470000.00,57000.00,36000.00,138000.00),(50,1,'2024-10-25 15:31:14',500000.00,60000.00,39000.00,143000.00),(51,1,'2024-10-18 19:25:14',490000.00,59000.00,38000.00,141000.00),(52,1,'2024-10-11 23:17:14',515000.00,61000.00,40000.00,145000.00),(53,8,'2025-10-05 19:21:14',4100000.00,260000.00,290000.00,220000.00),(54,8,'2025-09-28 11:15:14',4250000.00,265000.00,295000.00,225000.00),(55,8,'2025-08-31 21:55:14',4900000.00,290000.00,330000.00,250000.00),(56,8,'2025-08-24 09:43:14',5100000.00,300000.00,340000.00,260000.00),(57,8,'2024-10-13 23:17:14',4150000.00,262000.00,292000.00,222000.00),(58,19,'2025-10-04 19:21:14',165000.00,26000.00,16000.00,31000.00),(59,19,'2025-09-27 11:15:14',172000.00,26500.00,16500.00,31500.00),(60,19,'2025-09-20 14:09:14',170000.00,26000.00,16000.00,31000.00),(61,19,'2024-10-12 23:17:14',168000.00,26000.00,16000.00,31000.00),(62,20,'2024-10-10 10:46:14',166000.00,25500.00,15500.00,30500.00);
/*!40000 ALTER TABLE `flight_costs` ENABLE KEYS */;
UNLOCK TABLES;

--
-- Table structure for table `flight_operations`
--

DROP TABLE IF EXISTS `flight_operations`;
/*!40101 SET @saved_cs_client     = @@character_set_client */;
/*!50503 SET character_set_client = utf8mb4 */;
CREATE TABLE `flight_operations` (
  `operation_id` int NOT NULL AUTO_INCREMENT,
  `flight_id` int NOT NULL,
  `scheduled_departure` datetime NOT NULL,
  `actual_departure` datetime DEFAULT NULL,
  `status` varchar(50) DEFAULT NULL,
  `created_at` datetime DEFAULT CURRENT_TIMESTAMP,
  PRIMARY KEY (`operation_id`),
  KEY `idx_flight_id` (`flight_id`),
  CONSTRAINT `fk_operations_flights` FOREIGN KEY (`flight_id`) REFERENCES `flights` (`flight_id`)
) ENGINE=InnoDB AUTO_INCREMENT=185 DEFAULT CHARSET=utf8mb4 COLLATE=utf8mb4_0900_ai_ci;
/*!40101 SET character_set_client = @saved_cs_client */;

--
-- Dumping data for table `flight_operations`
--

LOCK TABLES `flight_operations` WRITE;
/*!40000 ALTER TABLE `flight_operations` DISABLE KEYS */;
INSERT INTO `flight_operations` VALUES (1,1,'2025-10-05 08:30:00','2025-10-05 08:33:00','On Time','2025-10-10 23:23:06'),(2,1,'2025-09-28 08:30:00','2025-09-28 09:15:00','Delayed','2025-10-10 23:23:06'),(3,1,'2025-09-21 08:30:00','2025-09-21 08:28:00','On Time','2025-10-10 23:23:06'),(4,1,'2025-09-14 08:30:00','2025-09-14 08:35:00','On Time','2025-10-10 23:23:06'),(5,1,'2025-09-07 08:30:00','2025-09-07 08:31:00','On Time','2025-10-10 23:23:06'),(6,1,'2025-08-31 08:30:00',NULL,'Cancelled','2025-10-10 23:23:06'),(7,1,'2025-08-24 08:30:00','2025-08-24 08:30:00','On Time','2025-10-10 23:23:06'),(8,1,'2025-08-17 08:30:00','2025-08-17 08:32:00','On Time','2025-10-10 23:23:06'),(9,1,'2025-08-10 08:30:00','2025-08-10 09:40:00','Delayed','2025-10-10 23:23:06'),(10,1,'2025-08-03 08:30:00','2025-08-03 08:29:00','On Time','2025-10-10 23:23:06'),(11,1,'2025-07-27 08:30:00','2025-07-27 08:34:00','On Time','2025-10-10 23:23:06'),(12,1,'2025-07-20 08:30:00','2025-07-20 08:27:00','On Time','2025-10-10 23:23:06'),(13,1,'2025-07-13 08:30:00','2025-07-13 08:33:00','On Time','2025-10-10 23:23:06'),(14,1,'2025-07-06 08:30:00','2025-07-06 10:10:00','Delayed','2025-10-10 23:23:06'),(15,1,'2025-06-29 08:30:00','2025-06-29 08:31:00','On Time','2025-10-10 23:23:06'),(16,1,'2025-06-22 08:30:00','2025-06-22 08:28:00','On Time','2025-10-10 23:23:06'),(17,1,'2025-06-15 08:30:00','2025-06-15 08:30:00','On Time','2025-10-10 23:23:06'),(18,1,'2025-06-08 08:30:00','2025-06-08 08:35:00','On Time','2025-10-10 23:23:06'),(19,1,'2025-06-01 08:30:00','2025-06-01 08:29:00','On Time','2025-10-10 23:23:06'),(20,1,'2025-05-25 08:30:00','2025-05-25 08:55:00','Delayed','2025-10-10 23:23:06'),(21,1,'2025-05-18 08:30:00','2025-05-18 08:32:00','On Time','2025-10-10 23:23:06'),(22,1,'2025-05-11 08:30:00','2025-05-11 08:31:00','On Time','2025-10-10 23:23:06'),(23,1,'2025-05-04 08:30:00','2025-05-04 08:27:00','On Time','2025-10-10 23:23:06'),(24,1,'2025-04-27 08:30:00',NULL,'Cancelled','2025-10-10 23:23:06'),(25,1,'2025-04-20 08:30:00','2025-04-20 08:33:00','On Time','2025-10-10 23:23:06'),(26,1,'2025-04-13 08:30:00','2025-04-13 08:34:00','On Time','2025-10-10 23:23:06'),(27,1,'2025-04-06 08:30:00','2025-04-06 08:29:00','On Time','2025-10-10 23:23:06'),(28,1,'2025-03-30 08:30:00','2025-03-30 09:22:00','Delayed','2025-10-10 23:23:06'),(29,1,'2025-03-23 08:30:00','2025-03-23 08:31:00','On Time','2025-10-10 23:23:06'),(30,1,'2025-03-16 08:30:00','2025-03-16 08:28:00','On Time','2025-10-10 23:23:06'),(31,1,'2025-03-09 08:30:00','2025-03-09 08:35:00','On Time','2025-10-10 23:23:06'),(32,1,'2025-03-02 08:30:00','2025-03-02 08:30:00','On Time','2025-10-10 23:23:06'),(33,1,'2025-02-23 08:30:00','2025-02-23 08:33:00','On Time','2025-10-10 23:23:06'),(34,1,'2025-02-16 08:30:00','2025-02-16 08:29:00','On Time','2025-10-10 23:23:06'),(35,1,'2025-02-09 08:30:00','2025-02-09 08:50:00','Delayed','2025-10-10 23:23:06'),(36,1,'2025-02-02 08:30:00','2025-02-02 08:28:00','On Time','2025-10-10 23:23:06'),(37,1,'2025-01-26 08:30:00','2025-01-26 08:31:00','On Time','2025-10-10 23:23:06'),(38,1,'2025-01-19 08:30:00','2025-01-19 08:34:00','On Time','2025-10-10 23:23:06'),(39,1,'2025-01-12 08:30:00','2025-01-12 08:27:00','On Time','2025-10-10 23:23:06'),(40,1,'2025-01-05 08:30:00',NULL,'Cancelled','2025-10-10 23:23:06'),(41,1,'2024-12-29 08:30:00','2024-12-29 09:30:00','Delayed','2025-10-10 23:23:06'),(42,1,'2024-12-22 08:30:00','2024-12-22 08:32:00','On Time','2025-10-10 23:23:06'),(43,1,'2024-12-15 08:30:00','2024-12-15 08:30:00','On Time','2025-10-10 23:23:06'),(44,1,'2024-12-08 08:30:00','2024-12-08 08:33:00','On Time','2025-10-10 23:23:06'),(45,1,'2024-12-01 08:30:00','2024-12-01 08:29:00','On Time','2025-10-10 23:23:06'),(46,1,'2024-11-24 08:30:00','2024-11-24 08:28:00','On Time','2025-10-10 23:23:06'),(47,1,'2024-11-17 08:30:00','2024-11-17 08:35:00','On Time','2025-10-10 23:23:06'),(48,1,'2024-11-10 08:30:00','2024-11-10 08:31:00','On Time','2025-10-10 23:23:06'),(49,1,'2024-11-03 08:30:00','2024-11-03 11:00:00','Delayed','2025-10-10 23:23:06'),(50,1,'2024-10-27 08:30:00','2024-10-27 08:27:00','On Time','2025-10-10 23:23:06'),(51,1,'2024-10-20 08:30:00','2024-10-20 08:34:00','On Time','2025-10-10 23:23:06'),(52,1,'2024-10-13 08:30:00','2024-10-13 08:32:00','On Time','2025-10-10 23:23:06'),(53,2,'2025-10-06 07:45:00','2025-10-06 07:44:00','On Time','2025-10-10 23:23:06'),(54,2,'2025-09-29 07:45:00','2025-09-29 07:48:00','On Time','2025-10-10 23:23:06'),(55,2,'2025-09-22 07:45:00','2025-09-22 08:30:00','Delayed','2025-10-10 23:23:06'),(56,2,'2025-09-15 07:45:00','2025-09-15 07:46:00','On Time','2025-10-10 23:23:06'),(57,2,'2025-09-08 07:45:00','2025-09-08 07:42:00','On Time','2025-10-10 23:23:06'),(58,2,'2025-09-01 07:45:00','2025-09-01 07:49:00','On Time','2025-10-10 23:23:06'),(59,2,'2025-08-25 07:45:00','2025-08-25 07:45:00','On Time','2025-10-10 23:23:06'),(60,2,'2025-08-18 07:45:00','2025-08-18 07:47:00','On Time','2025-10-10 23:23:06'),(61,2,'2025-08-11 07:45:00',NULL,'Cancelled','2025-10-10 23:23:06'),(62,2,'2025-08-04 07:45:00','2025-08-04 07:43:00','On Time','2025-10-10 23:23:06'),(63,2,'2025-07-28 07:45:00','2025-07-28 09:05:00','Delayed','2025-10-10 23:23:06'),(64,2,'2025-07-21 07:45:00','2025-07-21 07:48:00','On Time','2025-10-10 23:23:06'),(65,2,'2025-07-14 07:45:00','2025-07-14 07:45:00','On Time','2025-10-10 23:23:06'),(66,2,'2025-07-07 07:45:00','2025-07-07 07:44:00','On Time','2025-10-10 23:23:06'),(67,2,'2025-06-30 07:45:00','2025-06-30 07:46:00','On Time','2025-10-10 23:23:06'),(68,2,'2025-06-23 07:45:00','2025-06-23 07:49:00','On Time','2025-10-10 23:23:06'),(69,2,'2025-06-16 07:45:00','2025-06-16 07:47:00','On Time','2025-10-10 23:23:06'),(70,2,'2025-06-09 07:45:00','2025-06-09 07:42:00','On Time','2025-10-10 23:23:06'),(71,2,'2025-06-02 07:45:00','2025-06-02 09:30:00','Delayed','2025-10-10 23:23:06'),(72,2,'2025-05-26 07:45:00','2025-05-26 07:43:00','On Time','2025-10-10 23:23:06'),(73,2,'2025-05-19 07:45:00','2025-05-19 07:48:00','On Time','2025-10-10 23:23:06'),(74,2,'2025-05-12 07:45:00','2025-05-12 07:45:00','On Time','2025-10-10 23:23:06'),(75,2,'2025-05-05 07:45:00','2025-05-05 07:46:00','On Time','2025-10-10 23:23:06'),(76,2,'2025-04-28 07:45:00','2025-04-28 07:44:00','On Time','2025-10-10 23:23:06'),(77,2,'2025-04-21 07:45:00','2025-04-21 07:49:00','On Time','2025-10-10 23:23:06'),(78,2,'2025-04-14 07:45:00','2025-04-14 08:25:00','Delayed','2025-10-10 23:23:06'),(79,2,'2025-04-07 07:45:00','2025-04-07 07:42:00','On Time','2025-10-10 23:23:06'),(80,2,'2025-03-31 07:45:00','2025-03-31 07:47:00','On Time','2025-10-10 23:23:06'),(81,2,'2025-03-24 07:45:00','2025-03-24 07:48:00','On Time','2025-10-10 23:23:06'),(82,2,'2025-03-17 07:45:00','2025-03-17 07:43:00','On Time','2025-10-10 23:23:06'),(83,2,'2025-03-10 07:45:00',NULL,'Cancelled','2025-10-10 23:23:06'),(84,2,'2025-03-03 07:45:00','2025-03-03 07:45:00','On Time','2025-10-10 23:23:06'),(85,2,'2025-02-24 07:45:00','2025-02-24 07:46:00','On Time','2025-10-10 23:23:06'),(86,2,'2025-02-17 07:45:00','2025-02-17 07:49:00','On Time','2025-10-10 23:23:06'),(87,2,'2025-02-10 07:45:00','2025-02-10 07:42:00','On Time','2025-10-10 23:23:06'),(88,2,'2025-02-03 07:45:00','2025-02-03 08:45:00','Delayed','2025-10-10 23:23:06'),(89,2,'2025-01-27 07:45:00','2025-01-27 07:44:00','On Time','2025-10-10 23:23:06'),(90,2,'2025-01-20 07:45:00','2025-01-20 07:47:00','On Time','2025-10-10 23:23:06'),(91,2,'2025-01-13 07:45:00','2025-01-13 07:43:00','On Time','2025-10-10 23:23:06'),(92,2,'2025-01-06 07:45:00','2025-01-06 07:48:00','On Time','2025-10-10 23:23:06'),(93,2,'2024-12-30 07:45:00','2024-12-30 07:45:00','On Time','2025-10-10 23:23:06'),(94,2,'2024-12-23 07:45:00',NULL,'Diverted','2025-10-10 23:23:06'),(95,2,'2024-12-16 07:45:00','2024-12-16 07:46:00','On Time','2025-10-10 23:23:06'),(96,2,'2024-12-09 07:45:00','2024-12-09 07:42:00','On Time','2025-10-10 23:23:06'),(97,2,'2024-12-02 07:45:00','2024-12-02 07:49:00','On Time','2025-10-10 23:23:06'),(98,2,'2024-11-25 07:45:00','2024-11-25 09:00:00','Delayed','2025-10-10 23:23:06'),(99,2,'2024-11-18 07:45:00','2024-11-18 07:47:00','On Time','2025-10-10 23:23:06'),(100,2,'2024-11-11 07:45:00','2024-11-11 07:44:00','On Time','2025-10-10 23:23:06'),(101,2,'2024-11-04 07:45:00','2024-11-04 07:48:00','On Time','2025-10-10 23:23:06'),(102,2,'2024-10-28 07:45:00','2024-10-28 07:45:00','On Time','2025-10-10 23:23:06'),(103,2,'2024-10-21 07:45:00','2024-10-21 07:43:00','On Time','2025-10-10 23:23:06'),(104,2,'2024-10-14 07:45:00','2024-10-14 07:46:00','On Time','2025-10-10 23:23:06'),(105,3,'2025-10-07 10:00:00','2025-10-07 10:02:00','On Time','2025-10-10 23:23:06'),(106,3,'2025-09-30 10:00:00','2025-09-30 09:58:00','On Time','2025-10-10 23:23:06'),(107,3,'2025-09-23 10:00:00','2025-09-23 10:05:00','On Time','2025-10-10 23:23:06'),(108,3,'2025-09-16 10:00:00','2025-09-16 10:01:00','On Time','2025-10-10 23:23:06'),(109,3,'2025-09-09 10:00:00','2025-09-09 10:45:00','Delayed','2025-10-10 23:23:06'),(110,3,'2025-09-02 10:00:00','2025-09-02 09:59:00','On Time','2025-10-10 23:23:06'),(111,3,'2025-08-26 10:00:00','2025-08-26 10:03:00','On Time','2025-10-10 23:23:06'),(112,3,'2025-08-19 10:00:00','2025-08-19 10:00:00','On Time','2025-10-10 23:23:06'),(113,3,'2025-08-12 10:00:00','2025-08-12 10:04:00','On Time','2025-10-10 23:23:06'),(114,3,'2025-08-05 10:00:00',NULL,'Cancelled','2025-10-10 23:23:06'),(115,3,'2025-07-29 10:00:00','2025-07-29 09:57:00','On Time','2025-10-10 23:23:06'),(116,3,'2025-07-22 10:00:00','2025-07-22 11:20:00','Delayed','2025-10-10 23:23:06'),(117,3,'2025-07-15 10:00:00','2025-07-15 10:02:00','On Time','2025-10-10 23:23:06'),(118,3,'2025-07-08 10:00:00','2025-07-08 10:01:00','On Time','2025-10-10 23:23:06'),(119,3,'2025-07-01 10:00:00','2025-07-01 10:05:00','On Time','2025-10-10 23:23:06'),(120,3,'2025-06-24 10:00:00','2025-06-24 09:59:00','On Time','2025-10-10 23:23:06'),(121,3,'2025-06-17 10:00:00','2025-06-17 09:58:00','On Time','2025-10-10 23:23:06'),(122,3,'2025-06-10 10:00:00','2025-06-10 10:03:00','On Time','2025-10-10 23:23:06'),(123,3,'2025-06-03 10:00:00','2025-06-03 10:00:00','On Time','2025-10-10 23:23:06'),(124,3,'2025-05-27 10:00:00','2025-05-27 10:25:00','Delayed','2025-10-10 23:23:06'),(125,3,'2025-05-20 10:00:00','2025-05-20 10:04:00','On Time','2025-10-10 23:23:06'),(126,3,'2025-05-13 10:00:00','2025-05-13 10:02:00','On Time','2025-10-10 23:23:06'),(127,3,'2025-05-06 10:00:00','2025-05-06 09:57:00','On Time','2025-10-10 23:23:06'),(128,3,'2025-04-29 10:00:00','2025-04-29 10:01:00','On Time','2025-10-10 23:23:06'),(129,3,'2025-04-22 10:00:00','2025-04-22 10:05:00','On Time','2025-10-10 23:23:06'),(130,3,'2025-04-15 10:00:00','2025-04-15 09:59:00','On Time','2025-10-10 23:23:06'),(131,3,'2025-04-08 10:00:00','2025-04-08 10:03:00','On Time','2025-10-10 23:23:06'),(132,3,'2025-04-01 10:00:00',NULL,'Cancelled','2025-10-10 23:23:06'),(133,3,'2025-03-25 10:00:00','2025-03-25 09:58:00','On Time','2025-10-10 23:23:06'),(134,3,'2025-03-18 10:00:00','2025-03-18 10:50:00','Delayed','2025-10-10 23:23:06'),(135,3,'2025-03-11 10:00:00','2025-03-11 10:00:00','On Time','2025-10-10 23:23:06'),(136,3,'2025-03-04 10:00:00','2025-03-04 10:04:00','On Time','2025-10-10 23:23:06'),(137,3,'2025-02-25 10:00:00','2025-02-25 10:02:00','On Time','2025-10-10 23:23:06'),(138,3,'2025-02-18 10:00:00','2025-02-18 09:57:00','On Time','2025-10-10 23:23:06'),(139,3,'2025-02-11 10:00:00','2025-02-11 10:01:00','On Time','2025-10-10 23:23:06'),(140,3,'2025-02-04 10:00:00','2025-02-04 10:05:00','On Time','2025-10-10 23:23:06'),(141,3,'2025-01-28 10:00:00','2025-01-28 09:59:00','On Time','2025-10-10 23:23:06'),(142,3,'2025-01-21 10:00:00','2025-01-21 10:33:00','Delayed','2025-10-10 23:23:06'),(143,3,'2025-01-14 10:00:00','2025-01-14 10:03:00','On Time','2025-10-10 23:23:06'),(144,3,'2025-01-07 10:00:00','2025-01-07 09:58:00','On Time','2025-10-10 23:23:06'),(145,3,'2024-12-31 10:00:00','2024-12-31 10:00:00','On Time','2025-10-10 23:23:06'),(146,3,'2024-12-24 10:00:00','2024-12-24 10:04:00','On Time','2025-10-10 23:23:06'),(147,3,'2024-12-17 10:00:00','2024-12-17 10:02:00','On Time','2025-10-10 23:23:06'),(148,3,'2024-12-10 10:00:00','2024-12-10 09:57:00','On Time','2025-10-10 23:23:06'),(149,3,'2024-12-03 10:00:00',NULL,'Cancelled','2025-10-10 23:23:06'),(150,3,'2024-11-26 10:00:00','2024-11-26 10:01:00','On Time','2025-10-10 23:23:06'),(151,3,'2024-11-19 10:00:00','2024-11-19 12:05:00','Delayed','2025-10-10 23:23:06'),(152,3,'2024-11-12 10:00:00','2024-11-12 10:05:00','On Time','2025-10-10 23:23:06'),(153,3,'2024-11-05 10:00:00','2024-11-05 09:59:00','On Time','2025-10-10 23:23:06'),(154,3,'2024-10-29 10:00:00','2024-10-29 10:03:00','On Time','2025-10-10 23:23:06'),(155,3,'2024-10-22 10:00:00','2024-10-22 09:58:00','On Time','2025-10-10 23:23:06'),(156,3,'2024-10-15 10:00:00','2024-10-15 10:00:00','On Time','2025-10-10 23:23:06'),(157,4,'2025-10-08 11:30:00','2025-10-08 11:33:00','On Time','2025-10-10 23:23:06'),(158,4,'2025-10-01 11:30:00','2025-10-01 11:28:00','On Time','2025-10-10 23:23:06'),(159,4,'2025-09-24 11:30:00','2025-09-24 11:35:00','On Time','2025-10-10 23:23:06'),(160,4,'2025-09-17 11:30:00','2025-09-17 12:10:00','Delayed','2025-10-10 23:23:06'),(161,4,'2025-09-10 11:30:00','2025-09-10 11:31:00','On Time','2025-10-10 23:23:06'),(162,4,'2025-09-03 11:30:00','2025-09-03 11:29:00','On Time','2025-10-10 23:23:06'),(163,4,'2025-08-27 11:30:00','2025-08-27 11:32:00','On Time','2025-10-10 23:23:06'),(164,4,'2025-08-20 11:30:00','2025-08-20 11:30:00','On Time','2025-10-10 23:23:06'),(165,4,'2025-08-13 11:30:00',NULL,'Cancelled','2025-10-10 23:23:06'),(166,4,'2025-08-06 11:30:00','2025-08-06 11:34:00','On Time','2025-10-10 23:23:06'),(167,4,'2025-07-30 11:30:00','2025-07-30 11:27:00','On Time','2025-10-10 23:23:06'),(168,4,'2025-07-23 11:30:00','2025-07-23 11:33:00','On Time','2025-10-10 23:23:06'),(169,4,'2025-07-16 11:30:00','2025-07-16 13:00:00','Delayed','2025-10-10 23:23:06'),(170,4,'2025-07-09 11:30:00','2025-07-09 11:31:00','On Time','2025-10-10 23:23:06'),(171,4,'2025-07-02 11:30:00','2025-07-02 11:28:00','On Time','2025-10-10 23:23:06'),(172,4,'2025-06-25 11:30:00','2025-06-25 11:35:00','On Time','2025-10-10 23:23:06'),(173,4,'2025-06-18 11:30:00','2025-06-18 11:30:00','On Time','2025-10-10 23:23:06'),(174,4,'2025-06-11 11:30:00','2025-06-11 11:29:00','On Time','2025-10-10 23:23:06'),(175,4,'2025-06-04 11:30:00','2025-06-04 11:32:00','On Time','2025-10-10 23:23:06'),(176,4,'2025-05-28 11:30:00',NULL,'Diverted','2025-10-10 23:23:06'),(177,4,'2025-05-21 11:30:00','2025-05-21 11:55:00','Delayed','2025-10-10 23:23:06'),(178,4,'2025-05-14 11:30:00','2025-05-14 11:34:00','On Time','2025-10-10 23:23:06'),(179,4,'2025-05-07 11:30:00','2025-05-07 11:27:00','On Time','2025-10-10 23:23:06'),(180,4,'2025-04-30 11:30:00','2025-04-30 11:33:00','On Time','2025-10-10 23:23:06'),(181,4,'2025-04-23 11:30:00','2025-04-23 11:31:00','On Time','2025-10-10 23:23:06'),(182,4,'2025-04-16 11:30:00','2025-04-16 11:28:00','On Time','2025-10-10 23:23:06'),(183,4,'2025-04-09 11:30:00','2025-04-09 11:35:00','On Time','2025-10-10 23:23:06'),(184,4,'2025-04-02 11:30:00','2025-04-02 11:30:00','On Time','2025-10-10 23:23:06');
/*!40000 ALTER TABLE `flight_operations` ENABLE KEYS */;
UNLOCK TABLES;

--
-- Table structure for table `flights`
--

DROP TABLE IF EXISTS `flights`;
/*!40101 SET @saved_cs_client     = @@character_set_client */;
/*!50503 SET character_set_client = utf8mb4 */;
CREATE TABLE `flights` (
  `flight_id` int NOT NULL AUTO_INCREMENT,
  `flight_number` varchar(50) NOT NULL,
  `departure_city` varchar(100) NOT NULL,
  `arrival_city` varchar(100) NOT NULL,
  `departure_date` datetime NOT NULL,
  `arrival_date` datetime NOT NULL,
  `capacity` int NOT NULL,
  `price` decimal(10,2) NOT NULL,
  PRIMARY KEY (`flight_id`),
  KEY `idx_flight_number` (`flight_number`)
) ENGINE=InnoDB AUTO_INCREMENT=21 DEFAULT CHARSET=utf8mb4 COLLATE=utf8mb4_0900_ai_ci;
/*!40101 SET character_set_client = @saved_cs_client */;

--
-- Dumping data for table `flights`
--

LOCK TABLES `flights` WRITE;
/*!40000 ALTER TABLE `flights` DISABLE KEYS */;
INSERT INTO `flights` VALUES (1,'TK1979','Istanbul','London','2025-10-15 08:30:00','2025-10-15 10:40:00',189,4850.00),(2,'TK1821','Istanbul','Paris','2025-10-15 07:45:00','2025-10-15 10:25:00',189,4600.00),(3,'TK1721','Istanbul','Berlin','2025-10-15 10:00:00','2025-10-15 12:10:00',180,4200.00),(4,'TK1951','Istanbul','Amsterdam','2025-10-15 11:30:00','2025-10-15 14:15:00',189,4750.00),(5,'TK1865','Istanbul','Rome','2025-10-15 09:10:00','2025-10-15 10:45:00',172,4300.00),(6,'TK1853','Istanbul','Barcelona','2025-10-15 12:00:00','2025-10-15 14:40:00',180,5100.00),(7,'TK1587','Ankara','Frankfurt','2025-10-16 06:15:00','2025-10-16 08:45:00',165,3900.00),(8,'TK0003','Istanbul','New York','2025-10-16 13:30:00','2025-10-16 17:35:00',349,22500.00),(9,'TK0009','Istanbul','Los Angeles','2025-10-16 14:10:00','2025-10-16 18:00:00',349,26000.00),(10,'TK0185','Istanbul','Chicago','2025-10-16 15:00:00','2025-10-16 18:50:00',300,24200.00),(11,'TK0084','Istanbul','Tokyo','2025-10-17 02:10:00','2025-10-17 20:00:00',300,28500.00),(12,'TK0090','Istanbul','Seoul','2025-10-17 01:40:00','2025-10-17 17:50:00',300,27800.00),(13,'TK0762','Istanbul','Dubai','2025-10-17 20:15:00','2025-10-18 01:45:00',349,9500.00),(14,'TK0072','Istanbul','Singapore','2025-10-17 02:05:00','2025-10-17 17:55:00',300,21000.00),(15,'TK0692','Istanbul','Cairo','2025-10-18 21:30:00','2025-10-18 23:40:00',189,7800.00),(16,'TK0040','Istanbul','Johannesburg','2025-10-18 01:50:00','2025-10-18 10:45:00',300,18500.00),(17,'TK0415','Istanbul','Moscow','2025-10-18 14:00:00','2025-10-18 18:55:00',189,6200.00),(18,'TK0344','Istanbul','Baku','2025-10-18 08:00:00','2025-10-18 11:45:00',172,5300.00),(19,'TK2154','Istanbul','Ankara','2025-10-19 15:00:00','2025-10-19 16:10:00',189,1250.00),(20,'TK2330','Istanbul','Izmir','2025-10-19 18:00:00','2025-10-19 19:10:00',189,1200.00);
/*!40000 ALTER TABLE `flights` ENABLE KEYS */;
UNLOCK TABLES;

--
-- Table structure for table `internal_strategy_actions`
--

DROP TABLE IF EXISTS `internal_strategy_actions`;
/*!40101 SET @saved_cs_client     = @@character_set_client */;
/*!50503 SET character_set_client = utf8mb4 */;
CREATE TABLE `internal_strategy_actions` (
  `id` int NOT NULL AUTO_INCREMENT,
  `action_title` varchar(255) NOT NULL,
  `description` text NOT NULL,
  `aircraft_model` varchar(50) NOT NULL,
  `tail_number` varchar(20) NOT NULL,
  `action_date` date NOT NULL,
  `priority` enum('Low','Medium','High') DEFAULT 'Medium',
  `notes` text,
  PRIMARY KEY (`id`)
) ENGINE=InnoDB AUTO_INCREMENT=22 DEFAULT CHARSET=utf8mb4 COLLATE=utf8mb4_0900_ai_ci;
/*!40101 SET character_set_client = @saved_cs_client */;

--
-- Dumping data for table `internal_strategy_actions`
--

LOCK TABLES `internal_strategy_actions` WRITE;
/*!40000 ALTER TABLE `internal_strategy_actions` DISABLE KEYS */;
INSERT INTO `internal_strategy_actions` VALUES (1,'Yakıt Hedge Stratejisi Değerlendirmesi - 4. Çeyrek','Brent petrol fiyatlarındaki son 30 günlük %12\'lik volatilite ve artan jeopolitik riskler nedeniyle, mevcut yakıt hedge pozisyonumuzun yeniden değerlendirilmesi gerekmektedir. 4. çeyrek için %15 ek hedge yapılması ve ortalama maliyetin $85/varil seviyesinde sabitlenmesi için forward sözleşme opsiyonları inceleniyor. Potansiyel tasarruf: $1.2M.','Boeing 777-300ER','TC-LKA','2025-10-10','High','Hazine departmanı tarafından Cuma gününe kadar fizibilite raporu sunulacak.'),(2,'Motor Bakım (MRO) Anlaşması Optimizasyonu - A350 Filosu','Airbus A350 filomuzun Rolls-Royce motorları için mevcut \"per-flight-hour\" (uçuş saati başına maliyet) anlaşmasının 3 ay sonra yenilenmesi gerekiyor. Alternatif MRO sağlayıcılarından ve farklı ödeme modellerinden (sabit maliyet, blok saat vb.) teklifler alınarak yıllık bazda en az %5 maliyet avantajı sağlanması hedefleniyor.','Airbus A350-900','TC-LGE','2025-10-09','High','Teknik ve Satın Alma departmanları ortak çalışma yürütüyor. İlk teklifler ay sonuna kadar toplanacak.'),(3,'Dinamik Bagaj Fiyatlandırması Analizi - Avrupa Hatları','Yüksek dolulukla uçtuğumuz LHR, CDG, AMS gibi Avrupa hatlarında, standart bagaj hakkı aşım ücretlerinin dinamik hale getirilmesi test edilecek. Uçuş doluluğuna ve talebe göre fiyatın %15-%40 arasında değişeceği modelin yıllık ek gelir potansiyeli 850,000 EUR olarak öngörülmektedir.','Airbus A321neo','TC-LSP','2025-10-08','Medium','Gelir Yönetimi ve Ticari departmanlar, A/B testi için pilot hatları belirleyecek.'),(4,'Döviz Kuru Riski: EUR Gelir / USD Gider Dengesizliği','Son çeyrekte EUR bazlı gelirlerimizde %18 artış gözlemlenirken, yakıt ve leasing giderlerimizin %85\'i USD cinsindendir. EUR/USD paritesindeki olası dalgalanmalara karşı EUR gelirlerimizin %40\'lık kısmının opsiyon sözleşmeleri ile hedge edilmesi Hazine departmanınca önerilmektedir.','Boeing 737 MAX 8','TC-LCI','2025-10-07','Medium','Risk komitesi onayı için sunum hazırlanıyor.'),(5,'Filo Genişlemesi: 5 Adet Dar Gövde Uçak İçin Kiralama vs. Satın Alma Analizi','2026-2027 dönemi kapasite artış hedefi doğrultusunda filoya eklenecek 5 adet dar gövde (A321neo veya B737 MAX) için finansal kiralama (leasing) ve banka kredisiyle satın alma senaryolarının Net Bugünkü Değer (NPV) ve İç Verim Oranı (IRR) analizleri tamamlanmıştır. Rapor, yatırım komitesine sunulmaya hazırdır.','Airbus A321neo','FILO-YENI','2025-10-06','High','Sunum gelecek hafta yönetim kuruluna yapılacak.'),(6,'Haftalık Yakıt Tüketim ve Verimlilik Raporu','Bu haftanın yakıt tüketimi, bütçelenen değerin %2 altında kalarak verimlilik hedefini aştı. Özellikle IST-JFK hattında B777 yerine A350 kullanılmasının haftalık tasarrufa etkisi 35,000 USD olarak ölçüldü. Rapor detayları e-postayla iletildi.','Airbus A350-900','TC-LGE','2025-10-10','Medium','Finansal planlama ve uçuş işletme departmanlarına bilgi verildi.'),(7,'Hafta Sonu Uçuşları İçin Son Dakika Doluluk Optimizasyonu','11-12 Ekim tarihlerindeki LHR ve CDG uçuşlarında doluluk oranı %95\'i aştı. Gelir yönetimi ekibi, kalan son koltuklar için \"Business Class\'a anlık upgrade\" teklifi ve dinamik fiyat artışı stratejisini devreye aldı. Beklenen ek gelir: 45,000 EUR.','Airbus A321neo','TC-LSP','2025-10-10','High','Ticari departman anlık takibe devam ediyor.'),(8,'AOG (Aircraft on Ground) Durum Raporu: TC-JJM','Teknik arıza nedeniyle yerde bekleyen TC-JJM (B777) uçağının motor parça değişimi için tahmini operasyona dönüş tarihi 12 Ekim Pazar akşamı olarak güncellendi. Bu durumdan etkilenen 3 uçuş ve yolcu yönetimi operasyonunun maliyeti 180,000 USD olarak hesaplanıyor.','Boeing 777-300ER','TC-JJM','2025-10-10','High','Operasyon Kontrol Merkezi (OCC) ve Misafir İlişkileri bilgilendirildi.'),(9,'Pazartesi Günü Strateji Toplantısı Ön Bilgilendirmesi','Pazartesi saat 10:00\'da yapılacak olan haftalık strateji toplantısının ana gündem maddesi, 4. çeyrek bütçe revizyonu ve artan bakım maliyetleri olacaktır. İlgili tüm departmanların hazırlıklı olması rica olunur.','FILO-GENEL','STRATEJI','2025-10-10','Medium','Toplantı daveti ve ön okuma dokümanları gönderildi.'),(10,'IST Hub Sabah Operasyonları Zamanında Kalkış (OTP) Analizi','Bu sabah İstanbul (IST) çıkışlı ilk dalga (06:00-08:00) uçuşlarında zamanında kalkış oranı (OTP) %88 olarak gerçekleşti. %92 olan hedefin altında kalınmasının ana nedenleri olarak 2 slot gecikmesi ve 1 kargo yükleme sorunu tespit edildi.','Boeing 737-800','TC-JHL','2025-10-11','Low','Yer İşletme ve Kargo Operasyonları departmanlarından rapor istendi.'),(11,'Kış Sezonu De-icing Akışkan Stok Seviyeleri Kontrolü','Yaklaşan kış operasyonları öncesinde, Oslo (OSL), Stockholm (ARN) ve Helsinki (HEL) gibi kuzey meydanlarındaki de-icing (buzlanma önleyici) akışkan stoklarının kritik seviyenin altına düşmemesi için ön siparişlerin verilmesi gerekiyor.','Airbus A330-300','TC-LNC','2025-10-11','Medium','Satın alma departmanına talep iletildi.'),(12,'Yüksek Değerli Kargo Takibi: TK0054 (SIN)','Singapur (SIN) uçuşu TK0054 ile taşınan 2.5 Milyon USD değerindeki ilaç kargosunun ısı kontrollü özel taşıma prosedürleri anlık olarak takip edilmektedir. Şu an için tüm parametreler normal seviyededir.','Boeing 777F','TC-LJL','2025-10-11','High','Kargo Operasyonları ve Güvenlik birimleri devrede.'),(13,'Ekip Planlama Uyarısı: Aylık Uçuş Saati Limitleri','Ayın sonuna yaklaşırken, 12 Kaptan Pilot ve 28 Kabin Memurunun aylık maksimum uçuş saati limitine yaklaştığı tespit edildi. Gelecek haftanın planlamasında bu durumun dikkate alınması için Ekip Planlama birimi uyarıldı.','FILO-UZUNMENZIL','EKIP-PLAN','2025-10-11','Medium','İnsan Kaynakları ve Uçuş İşletme bilgilendirildi.'),(14,'Ön Rapor: Geçen Haftanın Ek Gelir Performansı','Geçen haftanın ek gelir (ancillary) performansı ön raporuna göre, \"fazla bagaj\" gelirleri hedeflenenin %8 üzerinde, \"koltuk seçimi\" gelirleri ise %3 altında kalmıştır. Detaylı analiz Pazartesi günü paylaşılacaktır.','Airbus A330-300','TC-JNS','2025-10-12','Low','Ticari Departman için hazırlandı.'),(15,'Yeni Rota Performansı: IST-BOG (Bogota) İlk Hafta Verileri','Yeni açılan Bogota hattının ilk haftasındaki operasyon verileri sisteme yüklenmiştir. Ortalama doluluk oranı %78 (yolcu) ve 12 ton (kargo) olarak gerçekleşmiştir. Bu oran, başa baş noktasının %5 üzerindedir.','Boeing 787-9 Dreamliner','TC-LLK','2025-10-12','Medium','Rota ve Pazar Analizi ekibi tarafından incelenecek.'),(16,'Uçak Değişikliği (Swap) Analizi: TK2418 (IST-TLV)','Gelecek hafta Tel Aviv (TLV) hattında beklenen yoğun talep nedeniyle, A321neo yerine A330 uçağının kullanılması (swap) senaryosunun maliyet-gelir analizi yapıldı. Potansiyel 80 ek koltuk satışının getireceği ek gelir, artan operasyonel maliyetin üzerindedir.','Airbus A321neo','TC-LSR','2025-10-12','High','Karar için Pazartesi günü Operasyon ve Ticari birimler toplanacak.'),(17,'Haftalık Finansal Özet: Döviz Kuru ve Petrol Fiyatları','Hafta kapanışında USD/TRY kuru 51.20, EUR/TRY 53.80 ve Brent Petrol 89.50 USD/varil olarak sabitlendi. Bu seviyeler, 4. çeyrek bütçe hedeflerimizle uyumludur. Detaylı Hazine raporu yarın yayınlanacak.','FILO-GENEL','HAZINE','2025-10-12','Medium','Finans departmanı tarafından yönetime sunulacaktır.'),(18,'GÜNDEM: Haftalık Stratejik Performans Toplantısı','Saat 10:00\'da başlayacak toplantının ana gündem maddeleri: 1) 4. Çeyrek gelir-gider tahminlerinin son durumu. 2) Yakıt hedge komitesi kararının onayı. 3) Kış tarifesinde frekans artışı yapılacak hatların nihai seçimi (AMS, BCN, DXB).','FILO-STRATEJI','YONETIM','2025-10-13','High','Tüm direktörlerin katılımı zorunludur.'),(19,'KARAR GÜNÜ: A321 Kabin Yenileme (Retrofit) Projesi','Filodaki 15 adet A321 uçağının kabinlerinin yenilenerek koltuk kapasitesinin 8 artırılması projesinin yatırım geri dönüş (ROI) analizi bugün karara bağlanacak. Proje maliyeti 4.5 Milyon USD, yıllık beklenen ek gelir 1.8 Milyon USD.','Airbus A321-200','TC-JRV','2025-10-13','High','Yatırım Komitesi saat 14:00\'te toplanacak.'),(20,'Gelir Yönetimi Aksiyon Planı: Yılbaşı Dönemi ABD Uçuşları','Yılbaşı dönemi için JFK, LAX, ORD hatlarındaki rezervasyon akışının hedeflenenin %7 altında olduğu tespit edildi. Fiyat optimizasyonu ve \"Miles&Smiles\" üyelerine özel kısıtlı süreli mil kampanyası başlatılması için aksiyon planı onaylandı.','Boeing 787-9 Dreamliner','TC-LLG','2025-10-13','High','Pazarlama ve Gelir Yönetimi ortak çalışması.'),(21,'Filo Planlama: Kiralama Süresi Dolan Uçakların Kontrolü','2026\'nın ilk çeyreğinde finansal kiralama sözleşmesi bitecek olan 2 adet A330-200 uçağının iade öncesi teknik kontrollerinin ve B Sınıfı bakım takviminin planlanması için Teknik ve Filo Planlama departmanları bugün bir araya gelecek.','Airbus A330-200','TC-JNC','2025-10-13','Medium','Sözleşme yükümlülüklerinin yerine getirilmesi kritik.');
/*!40000 ALTER TABLE `internal_strategy_actions` ENABLE KEYS */;
UNLOCK TABLES;

--
-- Table structure for table `revenue`
--

DROP TABLE IF EXISTS `revenue`;
/*!40101 SET @saved_cs_client     = @@character_set_client */;
/*!50503 SET character_set_client = utf8mb4 */;
CREATE TABLE `revenue` (
  `revenue_id` int NOT NULL AUTO_INCREMENT,
  `flight_id` int DEFAULT NULL,
  `date` datetime NOT NULL DEFAULT CURRENT_TIMESTAMP,
  `ticket_sales` decimal(10,2) DEFAULT NULL,
  `cargo_revenue` decimal(10,2) DEFAULT NULL,
  `other_revenue` decimal(10,2) DEFAULT NULL,
  PRIMARY KEY (`revenue_id`),
  KEY `flight_id` (`flight_id`),
  CONSTRAINT `revenue_ibfk_1` FOREIGN KEY (`flight_id`) REFERENCES `flights` (`flight_id`)
) ENGINE=InnoDB AUTO_INCREMENT=232 DEFAULT CHARSET=utf8mb4 COLLATE=utf8mb4_0900_ai_ci;
/*!40101 SET character_set_client = @saved_cs_client */;

--
-- Dumping data for table `revenue`
--

LOCK TABLES `revenue` WRITE;
/*!40000 ALTER TABLE `revenue` DISABLE KEYS */;
INSERT INTO `revenue` VALUES (1,1,'2025-09-15 08:30:00',848356.50,32500.00,50901.39),(2,1,'2025-08-22 08:30:00',801450.00,28700.00,64116.00),(3,1,'2025-07-30 08:30:00',889657.50,35100.00,44482.88),(4,1,'2025-06-18 08:30:00',791565.00,25000.00,55409.55),(5,1,'2025-05-05 08:30:00',868005.00,33200.00,52080.30),(6,1,'2025-04-12 08:30:00',812985.00,29800.00,73168.65),(7,1,'2025-03-21 08:30:00',899542.50,36000.00,35981.70),(8,1,'2025-02-08 08:30:00',833212.50,31400.00,50000.75),(9,2,'2025-09-18 07:45:00',815460.00,31000.00,48927.60),(10,2,'2025-08-25 07:45:00',769500.00,27500.00,61560.00),(11,2,'2025-07-11 07:45:00',853230.00,33800.00,42661.50),(12,2,'2025-06-02 07:45:00',761400.00,24000.00,53298.00),(13,2,'2025-05-19 07:45:00',832800.00,32000.00,49968.00),(14,2,'2025-04-28 07:45:00',781800.00,28600.00,70362.00),(15,2,'2025-03-07 07:45:00',862890.00,34500.00,34515.60),(16,2,'2025-02-14 07:45:00',799500.00,30200.00,47970.00),(17,3,'2025-09-20 10:00:00',698544.00,22000.00,41912.64),(18,3,'2025-08-11 10:00:00',659280.00,19500.00,52742.40),(19,3,'2025-07-03 10:00:00',730632.00,24800.00,36531.60),(20,3,'2025-06-12 10:00:00',652080.00,17000.00,45645.60),(21,3,'2025-05-21 10:00:00',713520.00,23000.00,42811.20),(22,3,'2025-04-09 10:00:00',671760.00,20600.00,60458.40),(23,3,'2025-03-18 10:00:00',739224.00,25500.00,29568.96),(24,3,'2025-02-27 10:00:00',685440.00,21200.00,41126.40),(25,4,'2025-09-22 11:30:00',841522.50,33000.00,50491.35),(26,4,'2025-08-14 11:30:00',794250.00,29500.00,63540.00),(27,4,'2025-07-25 11:30:00',879892.50,35800.00,43994.63),(28,4,'2025-06-16 11:30:00',784575.00,26000.00,54920.25),(29,4,'2025-05-23 11:30:00',860250.00,34000.00,51615.00),(30,4,'2025-04-11 11:30:00',806475.00,30600.00,72582.75),(31,4,'2025-03-01 11:30:00',889267.50,36500.00,35570.70),(32,4,'2025-02-09 11:30:00',825750.00,31200.00,49545.00),(33,5,'2025-09-11 09:10:00',688844.00,26000.00,41330.64),(34,5,'2025-08-01 09:10:00',650120.00,22500.00,52009.60),(35,5,'2025-07-13 09:10:00',719636.00,28800.00,35981.80),(36,5,'2025-06-24 09:10:00',643040.00,19000.00,45012.80),(37,5,'2025-05-03 09:10:00',702400.00,27000.00,42144.00),(38,5,'2025-04-15 09:10:00',660280.00,23600.00,59425.20),(39,5,'2025-03-26 09:10:00',728012.00,29500.00,29120.48),(40,5,'2025-02-04 09:10:00',676240.00,24200.00,40574.40),(41,6,'2025-09-19 12:00:00',841500.00,35000.00,58905.00),(42,6,'2025-08-08 12:00:00',897960.00,38000.00,53877.60),(43,6,'2025-07-17 12:00:00',821100.00,32000.00,41055.00),(44,6,'2025-06-26 12:00:00',927180.00,41000.00,37087.20),(45,6,'2025-05-15 12:00:00',861900.00,36000.00,77571.00),(46,6,'2025-04-24 12:00:00',800700.00,33000.00,48042.00),(47,6,'2025-03-13 12:00:00',872100.00,37000.00,52326.00),(48,6,'2025-02-20 12:00:00',916740.00,40000.00,45837.00),(49,7,'2025-09-02 06:15:00',587445.00,20000.00,35246.70),(50,7,'2025-08-21 06:15:00',554400.00,18000.00,44352.00),(51,7,'2025-07-09 06:15:00',614055.00,22500.00,30702.75),(52,7,'2025-06-18 06:15:00',547590.00,16000.00,38331.30),(53,7,'2025-05-27 06:15:00',599940.00,21000.00,35996.40),(54,7,'2025-04-16 06:15:00',564300.00,19000.00,50787.00),(55,7,'2025-03-05 06:15:00',620955.00,23000.00,24838.20),(56,7,'2025-02-12 06:15:00',578025.00,19500.00,34681.50),(57,8,'2025-09-28 13:30:00',7539075.00,185000.00,452344.50),(58,8,'2025-08-19 13:30:00',7115250.00,165000.00,569220.00),(59,8,'2025-07-07 13:30:00',7882875.00,205000.00,394143.75),(60,8,'2025-06-16 13:30:00',7029375.00,150000.00,492056.25),(61,8,'2025-05-25 13:30:00',7713375.00,195000.00,462802.50),(62,8,'2025-04-14 13:30:00',7233750.00,175000.00,651037.50),(63,8,'2025-03-23 13:30:00',7965000.00,215000.00,318600.00),(64,8,'2025-02-20 13:30:00',7425000.00,180000.00,445500.00),(65,9,'2025-09-17 14:10:00',8619520.00,225000.00,517171.20),(66,9,'2025-08-16 14:10:00',8135200.00,200000.00,650816.00),(67,9,'2025-07-25 14:10:00',9003360.00,250000.00,450168.00),(68,9,'2025-06-14 14:10:00',8034000.00,180000.00,562380.00),(69,9,'2025-05-03 14:10:00',8816800.00,235000.00,529008.00),(70,9,'2025-04-22 14:10:00',8272000.00,210000.00,744480.00),(71,9,'2025-03-31 14:10:00',9092880.00,260000.00,363715.20),(72,9,'2025-02-18 14:10:00',8488000.00,215000.00,509280.00),(73,10,'2025-09-03 15:00:00',6806880.00,160000.00,408412.80),(74,10,'2025-08-12 15:00:00',6424800.00,145000.00,513984.00),(75,10,'2025-07-21 15:00:00',7114920.00,180000.00,355746.00),(76,10,'2025-06-30 15:00:00',6345000.00,130000.00,444150.00),(77,10,'2025-05-09 15:00:00',6969600.00,170000.00,418176.00),(78,10,'2025-04-18 15:00:00',6546000.00,155000.00,589140.00),(79,10,'2025-03-27 15:00:00',7192800.00,190000.00,287712.00),(80,10,'2025-02-15 15:00:00',6714000.00,160000.00,402840.00),(81,11,'2025-09-05 02:10:00',8037000.00,240000.00,482220.00),(82,11,'2025-08-14 02:10:00',7585500.00,210000.00,606840.00),(83,11,'2025-07-23 02:10:00',8399250.00,265000.00,419962.50),(84,11,'2025-06-12 02:10:00',7492500.00,190000.00,524475.00),(85,11,'2025-05-21 02:10:00',8227500.00,250000.00,493650.00),(86,11,'2025-04-30 02:10:00',7725000.00,220000.00,695250.00),(87,11,'2025-03-09 02:10:00',8482500.00,275000.00,339300.00),(88,11,'2025-02-17 02:10:00',7927500.00,225000.00,475650.00),(89,12,'2025-09-08 01:40:00',7840840.00,230000.00,470450.40),(90,12,'2025-08-17 01:40:00',7399200.00,200000.00,591936.00),(91,12,'2025-07-26 01:40:00',8196140.00,255000.00,409807.00),(92,12,'2025-06-15 01:40:00',7308000.00,180000.00,511560.00),(93,12,'2025-05-24 01:40:00',8029400.00,240000.00,481764.00),(94,12,'2025-04-13 01:40:00',7532000.00,210000.00,677880.00),(95,12,'2025-03-22 01:40:00',8278820.00,265000.00,331152.80),(96,12,'2025-02-20 01:40:00',7746000.00,215000.00,464760.00),(97,13,'2025-09-10 20:15:00',3109365.00,95000.00,186561.90),(98,13,'2025-08-19 20:15:00',2934750.00,85000.00,234780.00),(99,13,'2025-07-28 20:15:00',3251475.00,105000.00,162573.75),(100,13,'2025-06-17 20:15:00',2898375.00,75000.00,202886.25),(101,13,'2025-05-26 20:15:00',3184575.00,100000.00,191074.50),(102,13,'2025-04-15 20:15:00',2985000.00,90000.00,268650.00),(103,13,'2025-03-24 20:15:00',3283500.00,110000.00,131340.00),(104,13,'2025-02-13 20:15:00',3071250.00,92000.00,184275.00),(105,14,'2025-09-12 02:05:00',5922000.00,150000.00,355320.00),(106,14,'2025-08-21 02:05:00',5589000.00,135000.00,447120.00),(107,14,'2025-07-30 02:05:00',6190500.00,170000.00,309525.00),(108,14,'2025-06-19 02:05:00',5520000.00,120000.00,386400.00),(109,14,'2025-05-28 02:05:00',6063000.00,160000.00,363780.00),(110,14,'2025-04-17 02:05:00',5694000.00,145000.00,512460.00),(111,14,'2025-03-26 02:05:00',6249000.00,180000.00,249960.00),(112,14,'2025-02-15 02:05:00',5859000.00,150000.00,351540.00),(113,15,'2025-09-14 21:30:00',1380978.00,45000.00,82858.68),(114,15,'2025-08-23 21:30:00',1303200.00,40000.00,104256.00),(115,15,'2025-07-12 21:30:00',1443858.00,50000.00,72192.90),(116,15,'2025-06-21 21:30:00',1287120.00,35000.00,90098.40),(117,15,'2025-05-30 21:30:00',1414440.00,48000.00,84866.40),(118,15,'2025-04-19 21:30:00',1327800.00,42000.00,119502.00),(119,15,'2025-03-28 21:30:00',1459242.00,52000.00,58369.68),(120,15,'2025-02-17 21:30:00',1365000.00,43000.00,81900.00),(121,16,'2025-09-16 01:50:00',5216400.00,140000.00,312984.00),(122,16,'2025-08-25 01:50:00',4923000.00,125000.00,393840.00),(123,16,'2025-07-14 01:50:00',5451900.00,160000.00,272595.00),(124,16,'2025-06-23 01:50:00',4860000.00,110000.00,340200.00),(125,16,'2025-05-12 01:50:00',5338500.00,150000.00,320310.00),(126,16,'2025-04-21 01:50:00',5016000.00,135000.00,451440.00),(127,16,'2025-03-30 01:50:00',5506500.00,170000.00,220260.00),(128,16,'2025-02-18 01:50:00',5160000.00,140000.00,309600.00),(129,17,'2025-09-29 14:00:00',1104858.00,38000.00,66291.48),(130,17,'2025-08-18 14:00:00',1042800.00,34000.00,83424.00),(131,17,'2025-07-07 14:00:00',1155018.00,42000.00,57750.90),(132,17,'2025-06-16 14:00:00',1030320.00,30000.00,72122.40),(133,17,'2025-05-25 14:00:00',1131360.00,40000.00,67881.60),(134,17,'2025-04-14 14:00:00',1061400.00,36000.00,95526.00),(135,17,'2025-03-23 14:00:00',1167102.00,43000.00,46684.08),(136,17,'2025-02-21 14:00:00',1092000.00,37000.00,65520.00),(137,18,'2025-09-01 08:00:00',855812.00,30000.00,51348.72),(138,18,'2025-08-10 08:00:00',807840.00,27000.00,64627.20),(139,18,'2025-07-20 08:00:00',894548.00,33000.00,44727.40),(140,18,'2025-06-30 08:00:00',798480.00,24000.00,55893.60),(141,18,'2025-05-09 08:00:00',876240.00,31000.00,52574.40),(142,18,'2025-04-18 08:00:00',823280.00,28000.00,74095.20),(143,18,'2025-03-28 08:00:00',903788.00,34000.00,36151.52),(144,18,'2025-02-16 08:00:00',846720.00,29000.00,50803.20),(145,19,'2025-09-24 15:00:00',222468.75,4500.00,13348.13),(146,19,'2025-08-26 15:00:00',210000.00,3800.00,16800.00),(147,19,'2025-07-15 15:00:00',232593.75,5200.00,11629.69),(148,19,'2025-06-24 15:00:00',207375.00,3000.00,14516.25),(149,19,'2025-05-13 15:00:00',227812.50,4800.00,13668.75),(150,19,'2025-04-22 15:00:00',213750.00,4000.00,19237.50),(151,19,'2025-03-11 15:00:00',234375.00,5500.00,9375.00),(152,19,'2025-02-28 15:00:00',219375.00,4200.00,13162.50),(153,20,'2025-09-07 18:00:00',213570.00,4300.00,12814.20),(154,20,'2025-08-16 18:00:00',201600.00,3600.00,16128.00),(155,20,'2025-07-25 18:00:00',223290.00,5000.00,11164.50),(156,20,'2025-06-14 18:00:00',199080.00,2800.00,13935.60),(157,20,'2025-05-23 18:00:00',218700.00,4600.00,13122.00),(158,20,'2025-04-12 18:00:00',205200.00,3800.00,18468.00),(159,20,'2025-03-21 18:00:00',225000.00,5300.00,9000.00),(160,20,'2025-02-28 18:00:00',210600.00,4000.00,12636.00),(161,1,'2025-10-03 19:21:14',856799.25,33500.00,51407.96),(162,1,'2025-09-26 11:15:14',890111.25,35200.00,71208.90),(163,1,'2025-09-19 14:09:14',878458.50,34800.00,43922.93),(164,1,'2025-09-12 18:01:14',861021.00,34100.00,60271.47),(165,1,'2025-09-05 21:55:14',931455.00,38000.00,46572.75),(166,1,'2025-08-29 09:43:14',1089858.00,43500.00,98087.22),(167,1,'2025-08-22 13:37:14',1109985.00,44200.00,66599.10),(168,1,'2025-08-15 17:29:14',1146753.75,45100.00,91740.30),(169,1,'2025-08-08 21:23:14',1069503.75,42900.00,85560.30),(170,1,'2025-08-01 01:15:14',1126620.00,44800.00,78863.40),(171,1,'2025-07-25 15:01:14',1166662.50,45900.00,58333.13),(172,1,'2025-07-18 18:55:14',1098652.50,43900.00,98878.73),(173,1,'2025-07-11 22:47:14',1115857.50,44400.00,66951.45),(174,1,'2025-07-04 02:41:14',1184310.00,46500.00,82901.70),(175,1,'2025-06-27 16:27:14',1058092.50,42500.00,52904.63),(176,1,'2025-06-20 20:21:14',1024320.00,41200.00,71702.40),(177,1,'2025-06-13 00:13:14',1079235.00,43100.00,86338.80),(178,1,'2025-06-06 04:07:14',985162.50,39900.00,49258.13),(179,1,'2025-05-30 17:53:14',919312.50,37500.00,73545.00),(180,1,'2025-05-23 21:47:14',893947.50,36800.00,53636.85),(181,1,'2025-05-16 01:39:14',938535.00,38200.00,46926.75),(182,1,'2025-05-09 05:33:14',882195.00,35100.00,70575.60),(183,1,'2025-05-02 09:25:14',905182.50,37100.00,45259.13),(184,1,'2025-04-25 23:11:14',869403.75,34500.00,69552.30),(185,1,'2025-04-18 03:05:14',841792.50,33200.00,58925.48),(186,1,'2025-04-11 06:57:14',855397.50,33900.00,42769.88),(187,1,'2025-04-04 10:51:14',886867.50,35500.00,70949.40),(188,1,'2025-03-28 00:37:14',808908.75,31900.00,48534.53),(189,1,'2025-03-21 04:31:14',837892.50,33100.00,58652.48),(190,1,'2025-03-14 08:23:14',794385.00,31500.00,39719.25),(191,1,'2025-03-07 12:17:14',821430.00,32600.00,73928.70),(192,1,'2025-02-28 16:09:14',701310.00,27900.00,56104.80),(193,1,'2025-02-21 05:55:14',733578.75,29100.00,36678.94),(194,1,'2025-02-14 09:49:14',716865.00,28500.00,50180.55),(195,1,'2025-02-07 13:41:14',684877.50,27500.00,34243.88),(196,1,'2025-01-31 17:35:14',748117.50,29800.00,67330.58),(197,1,'2025-01-24 07:21:14',724140.00,28800.00,36207.00),(198,1,'2025-01-17 11:15:14',859665.00,34100.00,51579.90),(199,1,'2025-01-10 15:07:14',920718.75,37500.00,46035.94),(200,1,'2025-01-03 19:01:14',1005832.50,41200.00,70408.28),(201,1,'2024-12-27 08:47:14',1082531.25,43100.00,97427.81),(202,1,'2024-12-20 12:41:14',1058227.50,42500.00,63493.65),(203,1,'2024-12-13 16:33:14',798487.50,31800.00,39924.38),(204,1,'2024-12-06 20:27:14',762693.75,30500.00,61015.50),(205,1,'2024-11-29 10:13:14',701557.50,28100.00,49109.03),(206,1,'2024-11-22 14:07:14',682852.50,27500.00,34142.63),(207,1,'2024-11-15 17:59:14',719655.00,28900.00,57572.40),(208,1,'2024-11-08 21:53:14',693247.50,27800.00,34662.38),(209,1,'2024-11-01 01:45:14',751522.50,30100.00,52606.58),(210,1,'2024-10-25 15:31:14',841522.50,33200.00,58906.58),(211,1,'2024-10-18 19:25:14',821430.00,32600.00,41071.50),(212,1,'2024-10-11 23:17:14',861292.50,34100.00,68903.40),(213,2,'2025-10-01 19:21:14',802773.00,32500.00,48166.38),(214,2,'2025-09-24 11:15:14',834033.00,34200.00,66722.64),(215,2,'2025-09-17 14:09:14',823146.00,33800.00,41157.30),(216,2,'2024-10-15 23:17:14',806958.00,33100.00,64556.64),(217,3,'2025-10-02 19:21:14',705888.00,23500.00,42353.28),(218,3,'2025-09-25 11:15:14',734928.00,25200.00,58794.24),(219,3,'2025-09-18 14:09:14',725352.00,24800.00,36267.60),(220,3,'2024-10-16 23:17:14',711288.00,24100.00,56903.04),(221,8,'2025-10-05 19:21:14',7614037.50,188500.00,456842.25),(222,8,'2025-09-28 11:15:14',7924837.50,195200.00,633987.00),(223,8,'2025-09-21 14:09:14',8111250.00,199800.00,405562.50),(224,8,'2025-08-31 21:55:14',9875175.00,240000.00,493758.75),(225,8,'2025-08-24 09:43:14',10214820.00,243500.00,919333.80),(226,8,'2024-10-13 23:17:14',7654762.50,190100.00,612381.00),(227,19,'2025-10-04 19:21:14',221156.25,4500.00,13269.38),(228,19,'2025-09-27 11:15:14',230231.25,5200.00,18418.50),(229,19,'2025-09-20 14:09:14',227625.00,4800.00,11381.25),(230,19,'2024-10-12 23:17:14',224437.50,5100.00,17955.00),(231,20,'2024-10-10 10:46:14',220500.00,4300.00,19845.00);
/*!40000 ALTER TABLE `revenue` ENABLE KEYS */;
UNLOCK TABLES;

--
-- Table structure for table `route_details`
--

DROP TABLE IF EXISTS `route_details`;
/*!40101 SET @saved_cs_client     = @@character_set_client */;
/*!50503 SET character_set_client = utf8mb4 */;
CREATE TABLE `route_details` (
  `id` int NOT NULL AUTO_INCREMENT,
  `flight_id` int NOT NULL,
  `distance_km` int NOT NULL,
  `origin_iata_code` varchar(3) DEFAULT NULL,
  `destination_iata_code` varchar(3) DEFAULT NULL,
  PRIMARY KEY (`id`),
  UNIQUE KEY `unique_flight_id` (`flight_id`),
  KEY `fk_route_origin_airport` (`origin_iata_code`),
  KEY `fk_route_destination_airport` (`destination_iata_code`),
  CONSTRAINT `fk_route_destination_airport` FOREIGN KEY (`destination_iata_code`) REFERENCES `airports` (`iata_code`),
  CONSTRAINT `fk_route_details_flight` FOREIGN KEY (`flight_id`) REFERENCES `flights` (`flight_id`),
  CONSTRAINT `fk_route_origin_airport` FOREIGN KEY (`origin_iata_code`) REFERENCES `airports` (`iata_code`)
) ENGINE=InnoDB AUTO_INCREMENT=21 DEFAULT CHARSET=utf8mb4 COLLATE=utf8mb4_0900_ai_ci;
/*!40101 SET character_set_client = @saved_cs_client */;

--
-- Dumping data for table `route_details`
--

LOCK TABLES `route_details` WRITE;
/*!40000 ALTER TABLE `route_details` DISABLE KEYS */;
INSERT INTO `route_details` VALUES (1,1,2495,'IST','LHR'),(2,2,2250,'IST','CDG'),(3,3,1740,'IST','BER'),(4,4,2220,'IST','AMS'),(5,5,1375,'IST','FCO'),(6,6,2690,'IST','BCN'),(7,7,2615,'ESB','FRA'),(8,8,8045,'IST','JFK'),(9,9,11015,'IST','LAX'),(10,10,8850,'IST','ORD'),(11,11,8950,'IST','NRT'),(12,12,7950,'IST','ICN'),(13,13,2980,'IST','DXB'),(14,14,8660,'IST','SIN'),(15,15,1250,'IST','CAI'),(16,16,8050,'IST','JNB'),(17,17,2150,'IST','VKO'),(18,18,1760,'IST','GYD'),(19,19,350,'IST','ESB'),(20,20,340,'IST','ADB');
/*!40000 ALTER TABLE `route_details` ENABLE KEYS */;
UNLOCK TABLES;

--
-- Table structure for table `sales`
--

DROP TABLE IF EXISTS `sales`;
/*!40101 SET @saved_cs_client     = @@character_set_client */;
/*!50503 SET character_set_client = utf8mb4 */;
CREATE TABLE `sales` (
  `sale_id` int NOT NULL AUTO_INCREMENT,
  `flight_id` int DEFAULT NULL,
  `sale_date` datetime NOT NULL,
  `number_of_tickets` int NOT NULL,
  `total_revenue` decimal(10,2) NOT NULL,
  PRIMARY KEY (`sale_id`),
  KEY `idx_flight_id_sales` (`flight_id`),
  CONSTRAINT `sales_ibfk_1` FOREIGN KEY (`flight_id`) REFERENCES `flights` (`flight_id`)
) ENGINE=InnoDB AUTO_INCREMENT=61 DEFAULT CHARSET=utf8mb4 COLLATE=utf8mb4_0900_ai_ci;
/*!40101 SET character_set_client = @saved_cs_client */;

--
-- Dumping data for table `sales`
--

LOCK TABLES `sales` WRITE;
/*!40000 ALTER TABLE `sales` DISABLE KEYS */;
INSERT INTO `sales` VALUES (1,1,'2025-08-22 15:10:20',2,10287.00),(2,1,'2025-01-05 09:25:10',1,4171.00),(3,1,'2024-11-18 21:40:55',3,13340.25),(4,2,'2025-09-01 11:05:30',1,5106.00),(5,2,'2025-04-15 14:30:15',2,8372.00),(6,2,'2024-12-08 19:55:40',4,19320.00),(7,3,'2025-07-19 08:00:00',2,7812.00),(8,3,'2025-02-28 12:45:50',1,4452.00),(9,3,'2024-10-25 22:10:20',3,11466.00),(10,4,'2025-05-30 18:20:10',1,4512.50),(11,4,'2025-09-12 10:10:05',2,10545.00),(12,4,'2024-11-03 07:35:30',2,8645.00),(13,5,'2025-08-11 13:50:45',3,14274.00),(14,5,'2024-12-22 16:20:25',1,3913.00),(15,5,'2025-02-09 09:05:10',2,9245.00),(16,6,'2025-06-25 20:00:50',2,9384.00),(17,6,'2025-01-14 17:45:30',1,5763.00),(18,6,'2024-11-29 11:15:00',3,16065.00),(19,7,'2025-09-05 06:30:20',1,4329.00),(20,7,'2025-03-18 23:00:00',2,7098.00),(21,7,'2024-12-11 12:25:15',2,6864.00),(22,8,'2025-07-28 10:40:00',2,51300.00),(23,8,'2025-02-10 20:15:50',1,20475.00),(24,8,'2024-11-01 15:05:35',2,47700.00),(25,9,'2025-08-14 11:55:10',1,32240.00),(26,9,'2025-01-20 22:35:40',2,47320.00),(27,9,'2024-12-05 18:10:20',1,29120.00),(28,10,'2025-09-19 14:20:25',2,44084.00),(29,10,'2025-05-02 09:50:00',1,26378.00),(30,10,'2024-12-28 19:00:45',3,67056.00),(31,11,'2025-08-08 02:30:30',1,33060.00),(32,11,'2025-04-04 01:10:10',2,53580.00),(33,11,'2025-09-21 23:45:00',2,61560.00),(34,12,'2025-07-07 00:50:55',2,51708.00),(35,12,'2024-11-15 03:00:00',1,29746.00),(36,12,'2025-03-03 01:25:25',3,80487.00),(37,13,'2025-08-16 21:20:00',4,34580.00),(38,13,'2025-05-11 20:30:40',2,20330.00),(39,13,'2024-12-15 19:45:10',1,8645.00),(40,14,'2025-09-03 01:00:00',2,40740.00),(41,14,'2025-06-11 00:15:30',1,23310.00),(42,14,'2025-01-07 02:05:50',3,59220.00),(43,15,'2025-08-01 22:40:10',2,14976.00),(44,15,'2025-04-22 20:50:50',1,7098.00),(45,15,'2024-11-24 23:10:25',3,21840.00),(46,16,'2025-09-15 00:30:00',2,34040.00),(47,16,'2025-07-20 01:05:20',1,20165.00),(48,16,'2024-12-30 00:45:40',2,39410.00),(49,17,'2025-08-25 12:00:00',3,17826.00),(50,17,'2025-05-05 15:10:30',1,6882.00),(51,17,'2025-01-25 13:30:10',2,11348.00),(52,18,'2025-09-22 09:10:50',2,9752.00),(53,18,'2025-06-06 07:30:00',1,5671.00),(54,18,'2025-02-14 08:20:40',3,16854.00),(55,19,'2025-09-10 14:00:00',2,2350.00),(56,19,'2025-07-01 16:30:20',4,5300.00),(57,19,'2025-01-30 13:00:10',3,3300.00),(58,20,'2025-08-30 17:00:00',3,3348.00),(59,20,'2025-06-20 19:15:35',2,2544.00),(60,20,'2024-10-30 18:40:00',1,1092.00);
/*!40000 ALTER TABLE `sales` ENABLE KEYS */;
UNLOCK TABLES;

--
-- Table structure for table `tickets`
--

DROP TABLE IF EXISTS `tickets`;
/*!40101 SET @saved_cs_client     = @@character_set_client */;
/*!50503 SET character_set_client = utf8mb4 */;
CREATE TABLE `tickets` (
  `ticket_id` int NOT NULL AUTO_INCREMENT,
  `sale_id` int NOT NULL,
  `flight_id` int NOT NULL,
  `customer_id` int DEFAULT NULL,
  `booking_date` datetime NOT NULL,
  `price` decimal(10,2) NOT NULL,
  `seat_number` varchar(10) DEFAULT NULL,
  PRIMARY KEY (`ticket_id`),
  KEY `fk_ticket_sale` (`sale_id`),
  KEY `fk_ticket_flight` (`flight_id`),
  KEY `fk_ticket_customer` (`customer_id`),
  CONSTRAINT `fk_ticket_customer` FOREIGN KEY (`customer_id`) REFERENCES `customers` (`customer_id`),
  CONSTRAINT `fk_ticket_flight` FOREIGN KEY (`flight_id`) REFERENCES `flights` (`flight_id`),
  CONSTRAINT `fk_ticket_sale` FOREIGN KEY (`sale_id`) REFERENCES `sales` (`sale_id`)
) ENGINE=InnoDB AUTO_INCREMENT=235 DEFAULT CHARSET=utf8mb4 COLLATE=utf8mb4_0900_ai_ci;
/*!40101 SET character_set_client = @saved_cs_client */;

--
-- Dumping data for table `tickets`
--

LOCK TABLES `tickets` WRITE;
/*!40000 ALTER TABLE `tickets` DISABLE KEYS */;
INSERT INTO `tickets` VALUES (118,1,8,5,'2025-08-22 15:10:20',24412.50,'25A'),(119,1,8,12,'2025-08-22 15:10:20',24412.50,'25B'),(120,2,9,8,'2025-07-22 09:33:04',29120.00,'14C'),(121,3,2,15,'2025-06-10 18:45:04',4232.00,'18D'),(122,3,2,1,'2025-06-10 18:45:04',4232.00,'18E'),(123,3,2,19,'2025-06-10 18:45:04',4232.00,'18F'),(124,4,13,7,'2025-09-01 23:58:04',11067.50,'21A'),(125,4,13,22,'2025-09-01 23:58:04',11067.50,'21B'),(126,5,1,4,'2025-02-18 11:21:04',4122.50,'11D'),(127,6,10,11,'2025-04-05 02:33:04',22042.00,'30F'),(128,6,10,2,'2025-04-05 02:33:04',22042.00,'30E'),(129,7,12,21,'2025-01-29 07:46:04',30536.00,'28A'),(130,7,12,17,'2025-01-29 07:46:04',30536.00,'28B'),(131,7,12,9,'2025-01-29 07:46:04',30536.00,'28C'),(132,7,12,14,'2025-01-29 07:46:04',30536.00,'28D'),(133,8,8,6,'2024-11-11 16:58:04',20475.00,'15A'),(134,9,16,23,'2025-08-20 21:11:04',16835.00,'19B'),(135,9,16,10,'2025-08-20 21:11:04',16835.00,'19C'),(136,10,4,13,'2025-05-14 01:23:04',4322.50,'22D'),(137,10,4,3,'2025-05-14 01:23:04',4322.50,'22E'),(138,11,1,18,'2025-07-09 06:36:04',5529.00,'12F'),(139,12,11,20,'2025-09-22 15:48:04',31920.00,'31A'),(140,12,11,5,'2025-09-22 15:48:04',31920.00,'31B'),(141,12,11,16,'2025-09-22 15:48:04',31920.00,'31C'),(142,13,19,24,'2025-09-02 20:01:04',1150.00,'10A'),(143,13,19,8,'2025-09-02 20:01:04',1150.00,'10B'),(144,14,6,12,'2025-04-28 01:13:04',5355.00,'16C'),(145,15,14,1,'2025-08-11 05:26:04',24150.00,'24D'),(146,15,14,19,'2025-08-11 05:26:04',24150.00,'24E'),(147,16,8,7,'2025-03-01 14:38:04',26775.00,'26F'),(148,16,8,22,'2025-03-01 14:38:04',26775.00,'26E'),(149,17,20,4,'2025-09-25 18:51:04',1152.00,'17A'),(150,17,20,11,'2025-09-25 18:51:04',1152.00,'17B'),(151,17,20,2,'2025-09-25 18:51:04',1152.00,'17C'),(152,17,20,21,'2025-09-25 18:51:04',1152.00,'17D'),(153,18,9,17,'2025-01-09 23:03:04',23660.00,'20A'),(154,19,15,9,'2025-07-16 03:16:04',6864.00,'14B'),(155,19,15,14,'2025-07-16 03:16:04',6864.00,'14C'),(156,20,7,6,'2025-08-28 08:28:04',3549.00,'19D'),(157,20,7,23,'2025-08-28 08:28:04',3549.00,'19E'),(158,21,5,10,'2025-03-24 13:41:04',3913.00,'13F'),(159,22,17,13,'2025-06-03 17:53:04',5942.00,'23A'),(160,22,17,3,'2025-06-03 17:53:04',5942.00,'23B'),(161,22,17,18,'2025-06-03 17:53:04',5942.00,'23C'),(162,23,18,20,'2025-09-11 22:06:04',6042.00,'15D'),(163,24,3,5,'2024-12-19 02:18:04',3822.00,'18E'),(164,24,3,16,'2024-12-19 02:18:04',3822.00,'18F'),(165,25,8,24,'2025-09-18 07:31:04',27112.50,'29A'),(166,25,8,8,'2025-09-18 07:31:04',27112.50,'29B'),(167,26,9,12,'2025-08-25 16:43:04',32240.00,'16C'),(168,27,10,1,'2025-07-02 21:56:04',23858.00,'27D'),(169,27,10,19,'2025-07-02 21:56:04',23858.00,'27E'),(170,28,12,7,'2025-06-18 02:08:04',25410.00,'25F'),(171,28,12,22,'2025-06-18 02:08:04',25410.00,'25E'),(172,28,12,4,'2025-06-18 02:08:04',25410.00,'25D'),(173,29,1,11,'2024-11-20 07:21:04',4171.00,'11A'),(174,30,16,2,'2025-04-09 12:33:04',17000.00,'21B'),(175,30,16,21,'2025-04-09 12:33:04',17000.00,'21C'),(176,31,4,17,'2025-09-01 16:46:04',5177.50,'18D'),(177,31,4,9,'2025-09-01 16:46:04',5177.50,'18E'),(178,32,1,14,'2025-03-11 21:58:04',5287.50,'14F'),(179,33,11,6,'2025-08-20 02:11:04',30285.00,'32A'),(180,33,11,23,'2025-08-20 02:11:04',30285.00,'32B'),(181,33,11,10,'2025-08-20 02:11:04',30285.00,'32C'),(182,33,11,13,'2025-08-20 02:11:04',30285.00,'32D'),(183,34,19,3,'2025-06-12 06:23:04',1175.00,'19E'),(184,34,19,18,'2025-06-12 06:23:04',1175.00,'19F'),(185,35,6,20,'2025-09-24 11:36:04',4692.00,'12A'),(186,36,14,5,'2025-02-15 15:48:04',19110.00,'22B'),(187,36,14,16,'2025-02-15 15:48:04',19110.00,'22C'),(188,37,8,24,'2025-07-22 20:01:04',25425.00,'28D'),(189,37,8,8,'2025-07-22 20:01:04',25425.00,'28E'),(190,38,20,12,'2025-05-18 00:13:04',1116.00,'16F'),(191,38,20,1,'2025-05-18 00:13:04',1116.00,'16E'),(192,38,20,19,'2025-05-18 00:13:04',1116.00,'16D'),(193,39,9,7,'2025-09-29 05:26:04',33540.00,'18A'),(194,40,15,22,'2025-08-04 09:38:04',7488.00,'15B'),(195,40,15,4,'2025-08-04 09:38:04',7488.00,'15C'),(196,41,7,11,'2024-11-20 07:21:04',2288.00,'13A'),(197,41,7,2,'2024-11-20 07:21:04',2288.00,'13B'),(198,41,7,21,'2024-11-20 07:21:04',2288.00,'13C'),(199,42,1,17,'2025-03-11 21:58:04',5287.50,'17D'),(200,43,11,9,'2025-08-20 02:11:04',28500.00,'33A'),(201,43,11,14,'2025-08-20 02:11:04',28500.00,'33B'),(202,44,19,6,'2025-06-12 06:23:04',1175.00,'14C'),(203,44,19,23,'2025-06-12 06:23:04',1175.00,'14D'),(204,45,6,10,'2025-09-24 11:36:04',4692.00,'20E'),(205,46,14,13,'2025-02-15 15:48:04',19110.00,'21F'),(206,46,14,3,'2025-02-15 15:48:04',19110.00,'21E'),(207,47,8,18,'2025-07-22 20:01:04',25425.00,'29D'),(208,47,8,20,'2025-07-22 20:01:04',25425.00,'29C'),(209,48,20,5,'2025-05-18 00:13:04',1116.00,'10A'),(210,48,20,16,'2025-05-18 00:13:04',1116.00,'10B'),(211,48,20,24,'2025-05-18 00:13:04',1116.00,'10C'),(212,49,9,8,'2025-09-29 05:26:04',33540.00,'11D'),(213,50,15,12,'2025-08-04 09:38:04',7488.00,'16E'),(214,50,15,1,'2025-08-04 09:38:04',7488.00,'16F'),(215,51,1,19,'2024-11-18 21:40:55',4446.75,'22A'),(216,51,1,7,'2024-11-18 21:40:55',4446.75,'22B'),(217,52,2,22,'2024-12-08 19:55:40',4830.00,'24C'),(218,52,2,4,'2024-12-08 19:55:40',4830.00,'24D'),(219,52,2,11,'2024-12-08 19:55:40',4830.00,'24E'),(220,53,3,2,'2024-10-25 22:10:20',3822.00,'13A'),(221,54,4,21,'2024-11-03 07:35:30',4322.50,'19B'),(222,54,4,17,'2024-11-03 07:35:30',4322.50,'19C'),(223,55,5,9,'2025-02-09 09:05:10',4622.50,'15D'),(224,56,6,14,'2024-11-29 11:15:00',5355.00,'17E'),(225,56,6,6,'2024-11-29 11:15:00',5355.00,'17F'),(226,56,6,23,'2024-11-29 11:15:00',5355.00,'17D'),(227,57,7,10,'2024-12-11 12:25:15',3432.00,'11A'),(228,57,7,13,'2024-12-11 12:25:15',3432.00,'11B'),(229,58,8,3,'2024-11-01 15:05:35',23850.00,'26C'),(230,58,8,18,'2024-11-01 15:05:35',23850.00,'26D'),(231,59,9,20,'2024-12-05 18:10:20',29120.00,'10E'),(232,60,20,5,'2024-10-30 18:40:00',1092.00,'14F'),(233,60,20,16,'2024-10-30 18:40:00',1092.00,'14E'),(234,60,20,24,'2024-10-30 18:40:00',1092.00,'14D');
/*!40000 ALTER TABLE `tickets` ENABLE KEYS */;
UNLOCK TABLES;

--
-- Table structure for table `users`
--

DROP TABLE IF EXISTS `users`;
/*!40101 SET @saved_cs_client     = @@character_set_client */;
/*!50503 SET character_set_client = utf8mb4 */;
CREATE TABLE `users` (
  `id` int NOT NULL AUTO_INCREMENT,
  `email` varchar(255) NOT NULL,
  `password` varchar(255) NOT NULL,
  PRIMARY KEY (`id`),
  UNIQUE KEY `email` (`email`)
) ENGINE=InnoDB AUTO_INCREMENT=2 DEFAULT CHARSET=utf8mb4 COLLATE=utf8mb4_0900_ai_ci;
/*!40101 SET character_set_client = @saved_cs_client */;

--
-- Dumping data for table `users`
--

LOCK TABLES `users` WRITE;
/*!40000 ALTER TABLE `users` DISABLE KEYS */;
INSERT INTO `users` VALUES (1,'onur@thy.com','$2b$10$mIFcyqsQVCb2PkN6xzv9Z.Pn6H/pfM2tEiwsZWUmqppTEv/GkZ/ba');
/*!40000 ALTER TABLE `users` ENABLE KEYS */;
UNLOCK TABLES;
/*!40103 SET TIME_ZONE=@OLD_TIME_ZONE */;

/*!40101 SET SQL_MODE=@OLD_SQL_MODE */;
/*!40014 SET FOREIGN_KEY_CHECKS=@OLD_FOREIGN_KEY_CHECKS */;
/*!40014 SET UNIQUE_CHECKS=@OLD_UNIQUE_CHECKS */;
/*!40101 SET CHARACTER_SET_CLIENT=@OLD_CHARACTER_SET_CLIENT */;
/*!40101 SET CHARACTER_SET_RESULTS=@OLD_CHARACTER_SET_RESULTS */;
/*!40101 SET COLLATION_CONNECTION=@OLD_COLLATION_CONNECTION */;
/*!40111 SET SQL_NOTES=@OLD_SQL_NOTES */;

-- Dump completed on 2025-10-11  0:24:24
